Timestamp,Object,Confidence
2026-08-13 17:49:46.679374,bus,0.73
2026-08-13 17:49:46.679374,bus,0.7
2026-08-13 17:49:46.679374,bus,0.63
2026-08-13 17:49:46.679374,car,0.62
2026-08-13 17:49:46.679374,bus,0.62
2026-08-13 17:49:46.679374,car,0.58
2026-08-13 17:49:46.679374,bus,0.57
2026-08-13 17:49:46.679374,bus,0.47
2026-08-13 17:49:46.679374,car,0.46
2026-08-13 17:49:46.679374,bus,0.46
2026-08-13 17:49:46.679374,car,0.46
2026-08-13 17:49:46.679374,car,0.46
2026-08-13 17:49:46.679374,bus,0.41
2026-08-13 17:49:46.679374,car,0.36
2026-08-13 17:49:46.679374,car,0.35
2026-08-13 17:49:46.679374,car,0.34
2026-08-13 17:49:46.679374,bus,0.34
2026-08-13 17:49:46.679374,car,0.34
2026-08-13 17:49:46.679374,person,0.28
2026-08-13 17:49:46.679374,car,0.26
2026-08-13 17:49:46.799071,bus,0.72
2026-08-13 17:49:46.799071,bus,0.71
2026-08-13 17:49:46.799071,bus,0.64
2026-08-13 17:49:46.799071,car,0.63
2026-08-13 17:49:46.799071,bus,0.61
2026-08-13 17:49:46.799071,car,0.58
2026-08-13 17:49:46.799071,bus,0.56
2026-08-13 17:49:46.799071,bus,0.48
2026-08-13 17:49:46.799071,bus,0.47
2026-08-13 17:49:46.799071,car,0.46
2026-08-13 17:49:46.799071,car,0.46
2026-08-13 17:49:46.799071,car,0.42
2026-08-13 17:49:46.799071,bus,0.42
2026-08-13 17:49:46.799071,bus,0.4
2026-08-13 17:49:46.799071,car,0.37
2026-08-13 17:49:46.799071,car,0.35
2026-08-13 17:49:46.799071,car,0.34
2026-08-13 17:49:46.799071,car,0.33
2026-08-13 17:49:46.799071,person,0.28
2026-08-13 17:49:46.908876,bus,0.74
2026-08-13 17:49:46.908876,bus,0.69
2026-08-13 17:49:46.908876,bus,0.65
2026-08-13 17:49:46.908876,bus,0.63
2026-08-13 17:49:46.908876,car,0.59
2026-08-13 17:49:46.908876,car,0.58
2026-08-13 17:49:46.908876,bus,0.53
2026-08-13 17:49:46.908876,car,0.47
2026-08-13 17:49:46.908876,bus,0.46
2026-08-13 17:49:46.908876,bus,0.43
2026-08-13 17:49:46.908876,car,0.43
2026-08-13 17:49:46.908876,bus,0.42
2026-08-13 17:49:46.908876,car,0.41
2026-08-13 17:49:46.908876,bus,0.4
2026-08-13 17:49:46.908876,car,0.39
2026-08-13 17:49:46.908876,car,0.35
2026-08-13 17:49:46.908876,car,0.34
2026-08-13 17:49:46.908876,car,0.33
2026-08-13 17:49:46.908876,person,0.3
2026-08-13 17:49:46.910996,bus,0.28
2026-08-13 17:49:46.910996,car,0.26
2026-08-13 17:49:47.016393,bus,0.73
2026-08-13 17:49:47.016393,bus,0.7
2026-08-13 17:49:47.016393,bus,0.68
2026-08-13 17:49:47.018907,bus,0.61
2026-08-13 17:49:47.018907,car,0.59
2026-08-13 17:49:47.018907,car,0.57
2026-08-13 17:49:47.018907,bus,0.49
2026-08-13 17:49:47.018907,bus,0.48
2026-08-13 17:49:47.018907,car,0.47
2026-08-13 17:49:47.018907,bus,0.47
2026-08-13 17:49:47.018907,car,0.43
2026-08-13 17:49:47.018907,bus,0.43
2026-08-13 17:49:47.018907,car,0.41
2026-08-13 17:49:47.018907,car,0.38
2026-08-13 17:49:47.020942,bus,0.35
2026-08-13 17:49:47.020942,car,0.35
2026-08-13 17:49:47.020942,car,0.34
2026-08-13 17:49:47.020942,car,0.31
2026-08-13 17:49:47.020942,person,0.28
2026-08-13 17:49:47.020942,car,0.26
2026-08-13 17:49:47.182713,bus,0.74
2026-08-13 17:49:47.182713,bus,0.7
2026-08-13 17:49:47.182713,bus,0.7
2026-08-13 17:49:47.182713,bus,0.62
2026-08-13 17:49:47.182713,car,0.56
2026-08-13 17:49:47.182713,car,0.55
2026-08-13 17:49:47.182713,bus,0.51
2026-08-13 17:49:47.182713,bus,0.5
2026-08-13 17:49:47.185843,bus,0.49
2026-08-13 17:49:47.185843,car,0.48
2026-08-13 17:49:47.185843,car,0.43
2026-08-13 17:49:47.185843,bus,0.42
2026-08-13 17:49:47.185843,car,0.41
2026-08-13 17:49:47.185843,car,0.41
2026-08-13 17:49:47.185843,car,0.35
2026-08-13 17:49:47.185843,person,0.34
2026-08-13 17:49:47.185843,bus,0.34
2026-08-13 17:49:47.185843,car,0.34
2026-08-13 17:49:47.185843,car,0.31
2026-08-13 17:49:47.185843,car,0.25
2026-08-13 17:49:47.309053,bus,0.74
2026-08-13 17:49:47.309053,bus,0.71
2026-08-13 17:49:47.309053,bus,0.7
2026-08-13 17:49:47.309053,bus,0.63
2026-08-13 17:49:47.309053,car,0.56
2026-08-13 17:49:47.309053,bus,0.56
2026-08-13 17:49:47.309053,car,0.55
2026-08-13 17:49:47.309053,bus,0.54
2026-08-13 17:49:47.309053,bus,0.49
2026-08-13 17:49:47.309053,car,0.49
2026-08-13 17:49:47.309053,car,0.42
2026-08-13 17:49:47.309053,car,0.41
2026-08-13 17:49:47.309053,bus,0.41
2026-08-13 17:49:47.309053,bus,0.38
2026-08-13 17:49:47.309053,car,0.38
2026-08-13 17:49:47.309053,car,0.35
2026-08-13 17:49:47.309053,person,0.32
2026-08-13 17:49:47.309053,car,0.31
2026-08-13 17:49:47.309053,car,0.29
2026-08-13 17:49:47.309053,car,0.26
2026-08-13 17:49:47.396039,bus,0.75
2026-08-13 17:49:47.396550,bus,0.72
2026-08-13 17:49:47.396550,bus,0.71
2026-08-13 17:49:47.396550,bus,0.61
2026-08-13 17:49:47.396550,bus,0.6
2026-08-13 17:49:47.396550,car,0.54
2026-08-13 17:49:47.396550,bus,0.54
2026-08-13 17:49:47.396550,bus,0.5
2026-08-13 17:49:47.396550,car,0.49
2026-08-13 17:49:47.396550,bus,0.49
2026-08-13 17:49:47.396550,car,0.45
2026-08-13 17:49:47.396550,person,0.39
2026-08-13 17:49:47.396550,car,0.39
2026-08-13 17:49:47.396550,car,0.37
2026-08-13 17:49:47.396550,bus,0.36
2026-08-13 17:49:47.396550,car,0.31
2026-08-13 17:49:47.396550,truck,0.3
2026-08-13 17:49:47.396550,car,0.28
2026-08-13 17:49:47.396550,car,0.28
2026-08-13 17:49:47.396550,car,0.25
2026-08-13 17:49:47.469085,bus,0.75
2026-08-13 17:49:47.469085,bus,0.71
2026-08-13 17:49:47.469085,bus,0.71
2026-08-13 17:49:47.469085,bus,0.61
2026-08-13 17:49:47.469085,bus,0.6
2026-08-13 17:49:47.469085,car,0.55
2026-08-13 17:49:47.469085,bus,0.54
2026-08-13 17:49:47.469085,bus,0.52
2026-08-13 17:49:47.469085,car,0.49
2026-08-13 17:49:47.469085,bus,0.47
2026-08-13 17:49:47.469085,car,0.45
2026-08-13 17:49:47.469085,person,0.41
2026-08-13 17:49:47.469085,car,0.39
2026-08-13 17:49:47.469085,bus,0.37
2026-08-13 17:49:47.469085,car,0.37
2026-08-13 17:49:47.469085,truck,0.3
2026-08-13 17:49:47.469085,car,0.3
2026-08-13 17:49:47.469085,car,0.29
2026-08-13 17:49:47.469085,car,0.27
2026-08-13 17:49:47.469085,car,0.25
2026-08-13 17:49:47.548894,bus,0.75
2026-08-13 17:49:47.548894,bus,0.74
2026-08-13 17:49:47.548894,bus,0.7
2026-08-13 17:49:47.548894,bus,0.62
2026-08-13 17:49:47.548894,bus,0.6
2026-08-13 17:49:47.548894,car,0.59
2026-08-13 17:49:47.548894,bus,0.5
2026-08-13 17:49:47.548894,car,0.48
2026-08-13 17:49:47.548894,bus,0.46
2026-08-13 17:49:47.548894,car,0.45
2026-08-13 17:49:47.548894,bus,0.42
2026-08-13 17:49:47.548894,car,0.4
2026-08-13 17:49:47.548894,bus,0.39
2026-08-13 17:49:47.548894,car,0.37
2026-08-13 17:49:47.548894,person,0.37
2026-08-13 17:49:47.548894,truck,0.3
2026-08-13 17:49:47.548894,car,0.29
2026-08-13 17:49:47.548894,bus,0.28
2026-08-13 17:49:47.548894,car,0.28
2026-08-13 17:49:47.548894,car,0.26
2026-08-13 17:49:47.548894,car,0.26
2026-08-13 17:49:47.548894,car,0.25
2026-08-13 17:49:47.626161,bus,0.76
2026-08-13 17:49:47.626161,bus,0.73
2026-08-13 17:49:47.626161,bus,0.7
2026-08-13 17:49:47.626161,bus,0.6
2026-08-13 17:49:47.626161,car,0.59
2026-08-13 17:49:47.626161,bus,0.54
2026-08-13 17:49:47.626161,bus,0.5
2026-08-13 17:49:47.626161,car,0.47
2026-08-13 17:49:47.626161,car,0.47
2026-08-13 17:49:47.626161,bus,0.46
2026-08-13 17:49:47.626161,bus,0.44
2026-08-13 17:49:47.626161,car,0.4
2026-08-13 17:49:47.626161,bus,0.39
2026-08-13 17:49:47.626161,car,0.36
2026-08-13 17:49:47.626161,car,0.32
2026-08-13 17:49:47.626161,truck,0.31
2026-08-13 17:49:47.626161,car,0.28
2026-08-13 17:49:47.626161,person,0.27
2026-08-13 17:49:47.626161,bus,0.26
2026-08-13 17:49:47.626161,car,0.26
2026-08-13 17:49:47.626161,car,0.26
2026-08-13 17:49:47.698968,bus,0.76
2026-08-13 17:49:47.698968,bus,0.73
2026-08-13 17:49:47.698968,bus,0.69
2026-08-13 17:49:47.698968,bus,0.62
2026-08-13 17:49:47.698968,car,0.59
2026-08-13 17:49:47.698968,bus,0.53
2026-08-13 17:49:47.698968,bus,0.51
2026-08-13 17:49:47.698968,bus,0.5
2026-08-13 17:49:47.698968,car,0.47
2026-08-13 17:49:47.698968,car,0.47
2026-08-13 17:49:47.698968,bus,0.45
2026-08-13 17:49:47.698968,car,0.4
2026-08-13 17:49:47.698968,bus,0.39
2026-08-13 17:49:47.698968,car,0.38
2026-08-13 17:49:47.698968,person,0.32
2026-08-13 17:49:47.698968,car,0.31
2026-08-13 17:49:47.698968,truck,0.3
2026-08-13 17:49:47.698968,bus,0.27
2026-08-13 17:49:47.698968,car,0.26
2026-08-13 17:49:47.698968,car,0.26
2026-08-13 17:49:47.698968,car,0.26
2026-08-13 17:49:47.767320,bus,0.75
2026-08-13 17:49:47.767320,bus,0.73
2026-08-13 17:49:47.767320,bus,0.65
2026-08-13 17:49:47.767320,bus,0.62
2026-08-13 17:49:47.767320,car,0.61
2026-08-13 17:49:47.767320,bus,0.52
2026-08-13 17:49:47.767320,car,0.51
2026-08-13 17:49:47.767320,car,0.5
2026-08-13 17:49:47.767320,bus,0.49
2026-08-13 17:49:47.767320,bus,0.44
2026-08-13 17:49:47.767320,bus,0.4
2026-08-13 17:49:47.767320,car,0.38
2026-08-13 17:49:47.767320,car,0.37
2026-08-13 17:49:47.767320,car,0.32
2026-08-13 17:49:47.767320,car,0.32
2026-08-13 17:49:47.767320,truck,0.31
2026-08-13 17:49:47.767320,bus,0.31
2026-08-13 17:49:47.767320,bus,0.28
2026-08-13 17:49:47.767320,car,0.28
2026-08-13 17:49:47.839102,bus,0.74
2026-08-13 17:49:47.839102,bus,0.72
2026-08-13 17:49:47.839102,bus,0.66
2026-08-13 17:49:47.839102,car,0.61
2026-08-13 17:49:47.839102,bus,0.61
2026-08-13 17:49:47.839102,bus,0.56
2026-08-13 17:49:47.839102,car,0.53
2026-08-13 17:49:47.839102,bus,0.5
2026-08-13 17:49:47.839102,car,0.5
2026-08-13 17:49:47.839102,bus,0.43
2026-08-13 17:49:47.839102,car,0.39
2026-08-13 17:49:47.839102,bus,0.38
2026-08-13 17:49:47.839102,car,0.36
2026-08-13 17:49:47.839102,bus,0.32
2026-08-13 17:49:47.839102,truck,0.32
2026-08-13 17:49:47.839102,car,0.31
2026-08-13 17:49:47.839102,car,0.31
2026-08-13 17:49:47.839102,bus,0.3
2026-08-13 17:49:47.839102,car,0.27
2026-08-13 17:49:47.919298,bus,0.74
2026-08-13 17:49:47.919298,bus,0.71
2026-08-13 17:49:47.919298,car,0.65
2026-08-13 17:49:47.919298,bus,0.6
2026-08-13 17:49:47.919298,bus,0.57
2026-08-13 17:49:47.919298,bus,0.53
2026-08-13 17:49:47.919298,car,0.51
2026-08-13 17:49:47.919298,bus,0.47
2026-08-13 17:49:47.919298,car,0.47
2026-08-13 17:49:47.919298,bus,0.43
2026-08-13 17:49:47.919298,car,0.4
2026-08-13 17:49:47.919298,car,0.36
2026-08-13 17:49:47.919298,bus,0.36
2026-08-13 17:49:47.919298,car,0.33
2026-08-13 17:49:47.919298,truck,0.31
2026-08-13 17:49:47.919298,car,0.31
2026-08-13 17:49:47.919298,bus,0.3
2026-08-13 17:49:47.919298,car,0.29
2026-08-13 17:49:47.919298,bus,0.26
2026-08-13 17:49:47.919298,car,0.25
2026-08-13 17:49:47.976290,bus,0.75
2026-08-13 17:49:47.978947,bus,0.69
2026-08-13 17:49:47.978947,car,0.66
2026-08-13 17:49:47.978947,bus,0.63
2026-08-13 17:49:47.978947,bus,0.57
2026-08-13 17:49:47.978947,bus,0.54
2026-08-13 17:49:47.978947,bus,0.53
2026-08-13 17:49:47.978947,car,0.53
2026-08-13 17:49:47.978947,bus,0.49
2026-08-13 17:49:47.978947,car,0.44
2026-08-13 17:49:47.978947,car,0.36
2026-08-13 17:49:47.978947,car,0.35
2026-08-13 17:49:47.978947,bus,0.34
2026-08-13 17:49:47.978947,car,0.33
2026-08-13 17:49:47.978947,truck,0.31
2026-08-13 17:49:47.978947,car,0.29
2026-08-13 17:49:47.978947,bus,0.29
2026-08-13 17:49:47.978947,car,0.27
2026-08-13 17:49:47.978947,car,0.26
2026-08-13 17:49:47.978947,bus,0.25
2026-08-13 17:49:48.041527,bus,0.76
2026-08-13 17:49:48.041527,bus,0.71
2026-08-13 17:49:48.041527,car,0.65
2026-08-13 17:49:48.041527,bus,0.61
2026-08-13 17:49:48.041527,bus,0.57
2026-08-13 17:49:48.041527,bus,0.55
2026-08-13 17:49:48.041527,car,0.52
2026-08-13 17:49:48.041527,bus,0.48
2026-08-13 17:49:48.041527,bus,0.46
2026-08-13 17:49:48.041527,car,0.43
2026-08-13 17:49:48.041527,car,0.37
2026-08-13 17:49:48.041527,bus,0.36
2026-08-13 17:49:48.041527,car,0.34
2026-08-13 17:49:48.041527,car,0.33
2026-08-13 17:49:48.041527,truck,0.32
2026-08-13 17:49:48.041527,car,0.29
2026-08-13 17:49:48.041527,car,0.27
2026-08-13 17:49:48.041527,car,0.26
2026-08-13 17:49:48.041527,bus,0.25
2026-08-13 17:49:48.109032,bus,0.75
2026-08-13 17:49:48.109032,bus,0.69
2026-08-13 17:49:48.109032,car,0.67
2026-08-13 17:49:48.109032,bus,0.6
2026-08-13 17:49:48.109032,car,0.53
2026-08-13 17:49:48.109032,bus,0.51
2026-08-13 17:49:48.109032,bus,0.5
2026-08-13 17:49:48.109032,bus,0.49
2026-08-13 17:49:48.109032,bus,0.47
2026-08-13 17:49:48.109032,car,0.43
2026-08-13 17:49:48.109032,car,0.39
2026-08-13 17:49:48.109032,car,0.38
2026-08-13 17:49:48.109032,bus,0.38
2026-08-13 17:49:48.109032,car,0.35
2026-08-13 17:49:48.109032,car,0.32
2026-08-13 17:49:48.109032,truck,0.3
2026-08-13 17:49:48.109032,car,0.3
2026-08-13 17:49:48.109032,car,0.28
2026-08-13 17:49:48.109032,bus,0.27
2026-08-13 17:49:48.169332,bus,0.76
2026-08-13 17:49:48.169332,bus,0.66
2026-08-13 17:49:48.169332,car,0.64
2026-08-13 17:49:48.169332,bus,0.62
2026-08-13 17:49:48.169332,bus,0.61
2026-08-13 17:49:48.169332,bus,0.51
2026-08-13 17:49:48.169332,bus,0.5
2026-08-13 17:49:48.169332,car,0.49
2026-08-13 17:49:48.169332,bus,0.48
2026-08-13 17:49:48.169332,car,0.38
2026-08-13 17:49:48.169332,car,0.37
2026-08-13 17:49:48.169332,car,0.37
2026-08-13 17:49:48.169332,car,0.36
2026-08-13 17:49:48.169332,truck,0.33
2026-08-13 17:49:48.169332,car,0.3
2026-08-13 17:49:48.169332,motorcycle,0.29
2026-08-13 17:49:48.169332,car,0.28
2026-08-13 17:49:48.169332,car,0.28
2026-08-13 17:49:48.169332,bus,0.27
2026-08-13 17:49:48.169332,car,0.26
2026-08-13 17:49:48.239182,bus,0.76
2026-08-13 17:49:48.239182,bus,0.67
2026-08-13 17:49:48.239182,car,0.64
2026-08-13 17:49:48.239182,bus,0.62
2026-08-13 17:49:48.239182,bus,0.61
2026-08-13 17:49:48.239182,bus,0.53
2026-08-13 17:49:48.239182,car,0.5
2026-08-13 17:49:48.239182,bus,0.49
2026-08-13 17:49:48.239182,bus,0.46
2026-08-13 17:49:48.239182,car,0.39
2026-08-13 17:49:48.239182,car,0.39
2026-08-13 17:49:48.239182,car,0.39
2026-08-13 17:49:48.239182,car,0.38
2026-08-13 17:49:48.239182,motorcycle,0.33
2026-08-13 17:49:48.239182,truck,0.32
2026-08-13 17:49:48.239182,car,0.31
2026-08-13 17:49:48.239182,car,0.28
2026-08-13 17:49:48.239182,car,0.28
2026-08-13 17:49:48.239182,bus,0.28
2026-08-13 17:49:48.239182,car,0.27
2026-08-13 17:49:48.239182,car,0.25
2026-08-13 17:49:48.304290,bus,0.79
2026-08-13 17:49:48.304290,car,0.67
2026-08-13 17:49:48.304290,bus,0.62
2026-08-13 17:49:48.304290,bus,0.61
2026-08-13 17:49:48.304290,bus,0.6
2026-08-13 17:49:48.304290,bus,0.56
2026-08-13 17:49:48.304290,car,0.54
2026-08-13 17:49:48.305926,bus,0.48
2026-08-13 17:49:48.305926,bus,0.45
2026-08-13 17:49:48.305926,car,0.44
2026-08-13 17:49:48.305926,car,0.42
2026-08-13 17:49:48.305926,car,0.41
2026-08-13 17:49:48.305926,car,0.38
2026-08-13 17:49:48.305926,car,0.35
2026-08-13 17:49:48.305926,bus,0.34
2026-08-13 17:49:48.305926,motorcycle,0.29
2026-08-13 17:49:48.305926,truck,0.28
2026-08-13 17:49:48.305926,car,0.27
2026-08-13 17:49:48.305926,bus,0.26
2026-08-13 17:49:48.305926,car,0.26
2026-08-13 17:49:48.369052,bus,0.77
2026-08-13 17:49:48.369052,car,0.67
2026-08-13 17:49:48.374471,bus,0.63
2026-08-13 17:49:48.374471,bus,0.61
2026-08-13 17:49:48.374471,bus,0.6
2026-08-13 17:49:48.374471,car,0.51
2026-08-13 17:49:48.374471,bus,0.51
2026-08-13 17:49:48.374471,bus,0.47
2026-08-13 17:49:48.374471,bus,0.46
2026-08-13 17:49:48.374471,car,0.43
2026-08-13 17:49:48.374471,car,0.43
2026-08-13 17:49:48.374471,car,0.42
2026-08-13 17:49:48.374471,car,0.35
2026-08-13 17:49:48.374471,car,0.34
2026-08-13 17:49:48.374471,bus,0.34
2026-08-13 17:49:48.374471,car,0.28
2026-08-13 17:49:48.374471,car,0.28
2026-08-13 17:49:48.374471,truck,0.27
2026-08-13 17:49:48.374471,bus,0.26
2026-08-13 17:49:48.374471,car,0.26
2026-08-13 17:49:48.374471,motorcycle,0.26
2026-08-13 17:49:48.446331,bus,0.79
2026-08-13 17:49:48.446331,car,0.65
2026-08-13 17:49:48.446331,bus,0.62
2026-08-13 17:49:48.446331,bus,0.62
2026-08-13 17:49:48.446331,bus,0.6
2026-08-13 17:49:48.446331,bus,0.54
2026-08-13 17:49:48.446331,car,0.52
2026-08-13 17:49:48.446331,bus,0.47
2026-08-13 17:49:48.446331,car,0.46
2026-08-13 17:49:48.446331,bus,0.45
2026-08-13 17:49:48.446331,car,0.42
2026-08-13 17:49:48.446331,car,0.39
2026-08-13 17:49:48.446331,car,0.36
2026-08-13 17:49:48.446331,car,0.36
2026-08-13 17:49:48.446331,bus,0.35
2026-08-13 17:49:48.446331,truck,0.32
2026-08-13 17:49:48.446331,car,0.3
2026-08-13 17:49:48.446331,car,0.26
2026-08-13 17:49:48.446331,car,0.26
2026-08-13 17:49:48.448970,car,0.26
2026-08-13 17:49:48.448970,bus,0.25
2026-08-13 17:49:48.509119,bus,0.79
2026-08-13 17:49:48.509119,car,0.64
2026-08-13 17:49:48.509119,bus,0.62
2026-08-13 17:49:48.509119,bus,0.56
2026-08-13 17:49:48.509119,bus,0.56
2026-08-13 17:49:48.509119,car,0.55
2026-08-13 17:49:48.509119,bus,0.54
2026-08-13 17:49:48.509119,bus,0.5
2026-08-13 17:49:48.509119,car,0.46
2026-08-13 17:49:48.509119,bus,0.46
2026-08-13 17:49:48.509119,car,0.42
2026-08-13 17:49:48.509119,car,0.37
2026-08-13 17:49:48.509119,car,0.37
2026-08-13 17:49:48.509119,bus,0.35
2026-08-13 17:49:48.509119,car,0.35
2026-08-13 17:49:48.509119,truck,0.32
2026-08-13 17:49:48.509119,car,0.29
2026-08-13 17:49:48.509119,motorcycle,0.26
2026-08-13 17:49:48.509119,car,0.26
2026-08-13 17:49:48.509119,motorcycle,0.25
2026-08-13 17:49:48.584992,bus,0.79
2026-08-13 17:49:48.584992,car,0.64
2026-08-13 17:49:48.584992,bus,0.62
2026-08-13 17:49:48.584992,bus,0.57
2026-08-13 17:49:48.584992,bus,0.57
2026-08-13 17:49:48.584992,bus,0.56
2026-08-13 17:49:48.584992,car,0.55
2026-08-13 17:49:48.584992,car,0.47
2026-08-13 17:49:48.584992,car,0.47
2026-08-13 17:49:48.584992,car,0.44
2026-08-13 17:49:48.584992,bus,0.44
2026-08-13 17:49:48.584992,bus,0.39
2026-08-13 17:49:48.584992,car,0.37
2026-08-13 17:49:48.584992,car,0.35
2026-08-13 17:49:48.586094,bus,0.34
2026-08-13 17:49:48.586094,car,0.29
2026-08-13 17:49:48.586094,truck,0.29
2026-08-13 17:49:48.586094,motorcycle,0.28
2026-08-13 17:49:48.586094,car,0.27
2026-08-13 17:49:48.586094,motorcycle,0.26
2026-08-13 17:49:48.586094,bus,0.26
2026-08-13 17:49:48.586094,car,0.25
2026-08-13 17:49:48.655975,bus,0.8
2026-08-13 17:49:48.655975,bus,0.64
2026-08-13 17:49:48.655975,car,0.63
2026-08-13 17:49:48.655975,bus,0.58
2026-08-13 17:49:48.655975,car,0.56
2026-08-13 17:49:48.655975,bus,0.55
2026-08-13 17:49:48.655975,bus,0.53
2026-08-13 17:49:48.655975,bus,0.52
2026-08-13 17:49:48.655975,bus,0.49
2026-08-13 17:49:48.655975,car,0.43
2026-08-13 17:49:48.655975,car,0.41
2026-08-13 17:49:48.655975,car,0.37
2026-08-13 17:49:48.655975,bus,0.36
2026-08-13 17:49:48.655975,car,0.34
2026-08-13 17:49:48.655975,truck,0.34
2026-08-13 17:49:48.655975,car,0.3
2026-08-13 17:49:48.657844,car,0.29
2026-08-13 17:49:48.657844,motorcycle,0.28
2026-08-13 17:49:48.657844,car,0.26
2026-08-13 17:49:48.657844,motorcycle,0.26
2026-08-13 17:49:48.657844,bus,0.25
2026-08-13 17:49:48.729013,bus,0.8
2026-08-13 17:49:48.729013,bus,0.65
2026-08-13 17:49:48.729013,car,0.63
2026-08-13 17:49:48.729013,car,0.56
2026-08-13 17:49:48.729013,bus,0.54
2026-08-13 17:49:48.729013,bus,0.54
2026-08-13 17:49:48.729013,bus,0.53
2026-08-13 17:49:48.729013,bus,0.5
2026-08-13 17:49:48.729013,bus,0.49
2026-08-13 17:49:48.729013,car,0.46
2026-08-13 17:49:48.729013,car,0.43
2026-08-13 17:49:48.729013,car,0.41
2026-08-13 17:49:48.729013,bus,0.38
2026-08-13 17:49:48.729013,car,0.38
2026-08-13 17:49:48.729013,truck,0.31
2026-08-13 17:49:48.729013,car,0.31
2026-08-13 17:49:48.729013,motorcycle,0.28
2026-08-13 17:49:48.729013,car,0.28
2026-08-13 17:49:48.729013,car,0.27
2026-08-13 17:49:48.729013,car,0.26
2026-08-13 17:49:48.804262,bus,0.81
2026-08-13 17:49:48.804262,bus,0.67
2026-08-13 17:49:48.804262,car,0.64
2026-08-13 17:49:48.804262,car,0.56
2026-08-13 17:49:48.804262,bus,0.54
2026-08-13 17:49:48.804262,bus,0.53
2026-08-13 17:49:48.804262,bus,0.5
2026-08-13 17:49:48.805304,bus,0.49
2026-08-13 17:49:48.805304,bus,0.48
2026-08-13 17:49:48.805304,car,0.46
2026-08-13 17:49:48.805304,car,0.44
2026-08-13 17:49:48.805304,car,0.43
2026-08-13 17:49:48.805304,car,0.39
2026-08-13 17:49:48.805304,bus,0.38
2026-08-13 17:49:48.805304,truck,0.31
2026-08-13 17:49:48.805304,car,0.3
2026-08-13 17:49:48.805304,motorcycle,0.28
2026-08-13 17:49:48.805304,bus,0.27
2026-08-13 17:49:48.805304,car,0.26
2026-08-13 17:49:48.805304,car,0.26
2026-08-13 17:49:48.805304,car,0.26
2026-08-13 17:49:48.805304,car,0.25
2026-08-13 17:49:48.906095,bus,0.81
2026-08-13 17:49:48.906095,bus,0.67
2026-08-13 17:49:48.906095,car,0.64
2026-08-13 17:49:48.906095,car,0.56
2026-08-13 17:49:48.906095,bus,0.54
2026-08-13 17:49:48.906095,bus,0.53
2026-08-13 17:49:48.906095,bus,0.5
2026-08-13 17:49:48.906095,bus,0.49
2026-08-13 17:49:48.906095,bus,0.48
2026-08-13 17:49:48.906095,car,0.46
2026-08-13 17:49:48.906095,car,0.44
2026-08-13 17:49:48.908106,car,0.43
2026-08-13 17:49:48.908106,car,0.39
2026-08-13 17:49:48.908106,bus,0.38
2026-08-13 17:49:48.908106,truck,0.31
2026-08-13 17:49:48.908106,car,0.3
2026-08-13 17:49:48.908106,motorcycle,0.28
2026-08-13 17:49:48.908106,bus,0.27
2026-08-13 17:49:48.908106,car,0.26
2026-08-13 17:49:48.908106,car,0.26
2026-08-13 17:49:48.909113,car,0.26
2026-08-13 17:49:48.909113,car,0.25
2026-08-13 17:49:48.982479,bus,0.81
2026-08-13 17:49:48.982479,bus,0.67
2026-08-13 17:49:48.982479,car,0.64
2026-08-13 17:49:48.982479,bus,0.58
2026-08-13 17:49:48.982479,car,0.53
2026-08-13 17:49:48.982479,bus,0.52
2026-08-13 17:49:48.982479,bus,0.52
2026-08-13 17:49:48.982479,bus,0.51
2026-08-13 17:49:48.982479,car,0.48
2026-08-13 17:49:48.982479,bus,0.48
2026-08-13 17:49:48.982479,car,0.46
2026-08-13 17:49:48.982479,car,0.44
2026-08-13 17:49:48.982479,car,0.4
2026-08-13 17:49:48.982479,bus,0.37
2026-08-13 17:49:48.982479,car,0.31
2026-08-13 17:49:48.982479,truck,0.3
2026-08-13 17:49:48.982479,bus,0.28
2026-08-13 17:49:48.982479,motorcycle,0.27
2026-08-13 17:49:48.982479,car,0.26
2026-08-13 17:49:48.982479,car,0.25
2026-08-13 17:49:48.982479,car,0.25
2026-08-13 17:49:48.982479,car,0.25
2026-08-13 17:49:49.072022,bus,0.81
2026-08-13 17:49:49.072022,bus,0.66
2026-08-13 17:49:49.072022,car,0.63
2026-08-13 17:49:49.072022,bus,0.58
2026-08-13 17:49:49.072022,car,0.55
2026-08-13 17:49:49.072022,bus,0.52
2026-08-13 17:49:49.072022,bus,0.51
2026-08-13 17:49:49.072022,car,0.5
2026-08-13 17:49:49.072022,bus,0.49
2026-08-13 17:49:49.072022,car,0.47
2026-08-13 17:49:49.072022,car,0.46
2026-08-13 17:49:49.072022,bus,0.46
2026-08-13 17:49:49.072022,car,0.39
2026-08-13 17:49:49.072022,bus,0.33
2026-08-13 17:49:49.072022,truck,0.31
2026-08-13 17:49:49.072022,car,0.31
2026-08-13 17:49:49.072022,car,0.29
2026-08-13 17:49:49.074030,bus,0.28
2026-08-13 17:49:49.074030,motorcycle,0.27
2026-08-13 17:49:49.074030,car,0.26
2026-08-13 17:49:49.074030,car,0.26
2026-08-13 17:49:49.189226,bus,0.81
2026-08-13 17:49:49.189226,bus,0.67
2026-08-13 17:49:49.189226,car,0.63
2026-08-13 17:49:49.189226,bus,0.58
2026-08-13 17:49:49.189226,car,0.55
2026-08-13 17:49:49.189226,bus,0.52
2026-08-13 17:49:49.189226,bus,0.51
2026-08-13 17:49:49.189226,bus,0.5
2026-08-13 17:49:49.189226,bus,0.5
2026-08-13 17:49:49.189226,car,0.48
2026-08-13 17:49:49.189226,car,0.46
2026-08-13 17:49:49.189226,car,0.42
2026-08-13 17:49:49.189226,car,0.39
2026-08-13 17:49:49.189226,bus,0.37
2026-08-13 17:49:49.189226,truck,0.31
2026-08-13 17:49:49.189226,car,0.3
2026-08-13 17:49:49.189226,bus,0.29
2026-08-13 17:49:49.189226,motorcycle,0.27
2026-08-13 17:49:49.189226,car,0.26
2026-08-13 17:49:49.189226,car,0.26
2026-08-13 17:49:49.189226,car,0.25
2026-08-13 17:49:49.189226,car,0.25
2026-08-13 17:49:49.189226,car,0.25
2026-08-13 17:49:49.292926,bus,0.82
2026-08-13 17:49:49.292926,car,0.63
2026-08-13 17:49:49.292926,bus,0.62
2026-08-13 17:49:49.292926,car,0.56
2026-08-13 17:49:49.292926,bus,0.55
2026-08-13 17:49:49.292926,bus,0.53
2026-08-13 17:49:49.292926,bus,0.51
2026-08-13 17:49:49.296031,car,0.5
2026-08-13 17:49:49.296031,bus,0.49
2026-08-13 17:49:49.296031,bus,0.48
2026-08-13 17:49:49.296031,car,0.46
2026-08-13 17:49:49.296031,car,0.4
2026-08-13 17:49:49.296031,bus,0.39
2026-08-13 17:49:49.296031,car,0.39
2026-08-13 17:49:49.296031,car,0.32
2026-08-13 17:49:49.296031,truck,0.31
2026-08-13 17:49:49.296031,car,0.3
2026-08-13 17:49:49.296031,bus,0.3
2026-08-13 17:49:49.296031,motorcycle,0.28
2026-08-13 17:49:49.296031,car,0.27
2026-08-13 17:49:49.296031,car,0.26
2026-08-13 17:49:49.296031,truck,0.26
2026-08-13 17:49:49.296031,car,0.25
2026-08-13 17:49:49.384865,bus,0.81
2026-08-13 17:49:49.384865,bus,0.66
2026-08-13 17:49:49.384865,car,0.65
2026-08-13 17:49:49.384865,car,0.56
2026-08-13 17:49:49.384865,bus,0.56
2026-08-13 17:49:49.384865,car,0.53
2026-08-13 17:49:49.385869,bus,0.51
2026-08-13 17:49:49.385869,bus,0.5
2026-08-13 17:49:49.385869,car,0.5
2026-08-13 17:49:49.385869,bus,0.49
2026-08-13 17:49:49.385869,bus,0.48
2026-08-13 17:49:49.385869,car,0.47
2026-08-13 17:49:49.385869,bus,0.43
2026-08-13 17:49:49.385869,car,0.37
2026-08-13 17:49:49.385869,car,0.31
2026-08-13 17:49:49.385869,bus,0.31
2026-08-13 17:49:49.385869,car,0.27
2026-08-13 17:49:49.385869,car,0.25
2026-08-13 17:49:49.484290,bus,0.82
2026-08-13 17:49:49.485842,car,0.66
2026-08-13 17:49:49.485842,bus,0.6
2026-08-13 17:49:49.485842,bus,0.55
2026-08-13 17:49:49.485842,car,0.54
2026-08-13 17:49:49.485842,car,0.54
2026-08-13 17:49:49.485842,bus,0.52
2026-08-13 17:49:49.485842,bus,0.5
2026-08-13 17:49:49.485842,bus,0.47
2026-08-13 17:49:49.485842,bus,0.47
2026-08-13 17:49:49.485842,car,0.46
2026-08-13 17:49:49.485842,car,0.44
2026-08-13 17:49:49.485842,bus,0.42
2026-08-13 17:49:49.485842,car,0.33
2026-08-13 17:49:49.485842,bus,0.32
2026-08-13 17:49:49.485842,truck,0.31
2026-08-13 17:49:49.485842,car,0.3
2026-08-13 17:49:49.485842,car,0.29
2026-08-13 17:49:49.485842,truck,0.27
2026-08-13 17:49:49.485842,car,0.27
2026-08-13 17:49:49.485842,car,0.26
2026-08-13 17:49:49.560880,bus,0.82
2026-08-13 17:49:49.560880,car,0.66
2026-08-13 17:49:49.560880,bus,0.6
2026-08-13 17:49:49.560880,bus,0.56
2026-08-13 17:49:49.560880,bus,0.55
2026-08-13 17:49:49.560880,car,0.54
2026-08-13 17:49:49.560880,car,0.54
2026-08-13 17:49:49.560880,bus,0.51
2026-08-13 17:49:49.560880,bus,0.47
2026-08-13 17:49:49.560880,bus,0.45
2026-08-13 17:49:49.560880,car,0.44
2026-08-13 17:49:49.560880,bus,0.4
2026-08-13 17:49:49.560880,car,0.37
2026-08-13 17:49:49.560880,car,0.35
2026-08-13 17:49:49.560880,truck,0.32
2026-08-13 17:49:49.560880,car,0.32
2026-08-13 17:49:49.560880,bus,0.29
2026-08-13 17:49:49.560880,car,0.28
2026-08-13 17:49:49.560880,car,0.27
2026-08-13 17:49:49.560880,car,0.26
2026-08-13 17:49:49.560880,truck,0.26
2026-08-13 17:49:49.619159,bus,0.82
2026-08-13 17:49:49.619159,car,0.66
2026-08-13 17:49:49.619159,bus,0.63
2026-08-13 17:49:49.619159,bus,0.59
2026-08-13 17:49:49.619159,car,0.57
2026-08-13 17:49:49.619159,bus,0.52
2026-08-13 17:49:49.619159,car,0.47
2026-08-13 17:49:49.619159,bus,0.46
2026-08-13 17:49:49.619159,bus,0.46
2026-08-13 17:49:49.619159,bus,0.45
2026-08-13 17:49:49.621386,car,0.39
2026-08-13 17:49:49.621386,bus,0.37
2026-08-13 17:49:49.621386,car,0.35
2026-08-13 17:49:49.621386,truck,0.34
2026-08-13 17:49:49.621386,car,0.32
2026-08-13 17:49:49.621386,car,0.31
2026-08-13 17:49:49.621386,car,0.31
2026-08-13 17:49:49.621386,truck,0.29
2026-08-13 17:49:49.621386,car,0.29
2026-08-13 17:49:49.621386,bus,0.28
2026-08-13 17:49:49.621386,car,0.28
2026-08-13 17:49:49.682852,bus,0.82
2026-08-13 17:49:49.682852,car,0.68
2026-08-13 17:49:49.682852,bus,0.63
2026-08-13 17:49:49.685819,bus,0.63
2026-08-13 17:49:49.685819,car,0.58
2026-08-13 17:49:49.685819,bus,0.5
2026-08-13 17:49:49.685819,car,0.5
2026-08-13 17:49:49.685819,bus,0.44
2026-08-13 17:49:49.685819,bus,0.44
2026-08-13 17:49:49.685819,bus,0.44
2026-08-13 17:49:49.685819,bus,0.42
2026-08-13 17:49:49.685819,car,0.38
2026-08-13 17:49:49.685819,car,0.35
2026-08-13 17:49:49.685819,truck,0.35
2026-08-13 17:49:49.685819,car,0.32
2026-08-13 17:49:49.685819,car,0.32
2026-08-13 17:49:49.685819,bus,0.3
2026-08-13 17:49:49.685819,truck,0.29
2026-08-13 17:49:49.685819,car,0.28
2026-08-13 17:49:49.685819,car,0.25
2026-08-13 17:49:49.741631,bus,0.83
2026-08-13 17:49:49.741631,car,0.68
2026-08-13 17:49:49.741631,car,0.61
2026-08-13 17:49:49.741631,bus,0.57
2026-08-13 17:49:49.741631,bus,0.53
2026-08-13 17:49:49.741631,car,0.51
2026-08-13 17:49:49.741631,bus,0.49
2026-08-13 17:49:49.741631,bus,0.43
2026-08-13 17:49:49.741631,bus,0.42
2026-08-13 17:49:49.743663,car,0.4
2026-08-13 17:49:49.743663,bus,0.39
2026-08-13 17:49:49.743663,car,0.36
2026-08-13 17:49:49.743663,car,0.35
2026-08-13 17:49:49.743663,car,0.34
2026-08-13 17:49:49.743663,bus,0.33
2026-08-13 17:49:49.743663,truck,0.32
2026-08-13 17:49:49.743663,car,0.32
2026-08-13 17:49:49.743663,car,0.3
2026-08-13 17:49:49.743663,car,0.3
2026-08-13 17:49:49.743663,car,0.3
2026-08-13 17:49:49.743663,car,0.27
2026-08-13 17:49:49.743663,truck,0.27
2026-08-13 17:49:49.743663,bus,0.27
2026-08-13 17:49:49.805993,bus,0.83
2026-08-13 17:49:49.805993,car,0.68
2026-08-13 17:49:49.805993,car,0.63
2026-08-13 17:49:49.805993,bus,0.56
2026-08-13 17:49:49.805993,bus,0.54
2026-08-13 17:49:49.805993,bus,0.49
2026-08-13 17:49:49.805993,car,0.49
2026-08-13 17:49:49.805993,bus,0.43
2026-08-13 17:49:49.805993,car,0.43
2026-08-13 17:49:49.805993,bus,0.4
2026-08-13 17:49:49.805993,bus,0.37
2026-08-13 17:49:49.805993,car,0.37
2026-08-13 17:49:49.805993,car,0.36
2026-08-13 17:49:49.805993,car,0.33
2026-08-13 17:49:49.805993,car,0.33
2026-08-13 17:49:49.805993,car,0.33
2026-08-13 17:49:49.805993,car,0.33
2026-08-13 17:49:49.805993,truck,0.3
2026-08-13 17:49:49.805993,bus,0.29
2026-08-13 17:49:49.805993,car,0.28
2026-08-13 17:49:49.805993,car,0.27
2026-08-13 17:49:49.868816,bus,0.8
2026-08-13 17:49:49.868816,car,0.7
2026-08-13 17:49:49.868816,car,0.62
2026-08-13 17:49:49.868816,bus,0.57
2026-08-13 17:49:49.868816,car,0.52
2026-08-13 17:49:49.868816,car,0.46
2026-08-13 17:49:49.868816,bus,0.44
2026-08-13 17:49:49.868816,car,0.42
2026-08-13 17:49:49.868816,bus,0.42
2026-08-13 17:49:49.868816,car,0.41
2026-08-13 17:49:49.868816,bus,0.41
2026-08-13 17:49:49.868816,bus,0.4
2026-08-13 17:49:49.868816,car,0.34
2026-08-13 17:49:49.868816,bus,0.34
2026-08-13 17:49:49.868816,car,0.34
2026-08-13 17:49:49.868816,car,0.33
2026-08-13 17:49:49.868816,bus,0.29
2026-08-13 17:49:49.868816,car,0.28
2026-08-13 17:49:49.868816,truck,0.28
2026-08-13 17:49:49.868816,car,0.27
2026-08-13 17:49:49.868816,car,0.26
2026-08-13 17:49:49.868816,car,0.26
2026-08-13 17:49:49.933111,bus,0.82
2026-08-13 17:49:49.933111,car,0.66
2026-08-13 17:49:49.933111,bus,0.63
2026-08-13 17:49:49.933111,car,0.59
2026-08-13 17:49:49.933111,car,0.49
2026-08-13 17:49:49.933111,bus,0.48
2026-08-13 17:49:49.933111,bus,0.45
2026-08-13 17:49:49.933111,car,0.43
2026-08-13 17:49:49.933111,car,0.42
2026-08-13 17:49:49.933111,bus,0.4
2026-08-13 17:49:49.935114,bus,0.39
2026-08-13 17:49:49.935114,car,0.37
2026-08-13 17:49:49.935114,bus,0.35
2026-08-13 17:49:49.935114,car,0.33
2026-08-13 17:49:49.935114,truck,0.32
2026-08-13 17:49:49.935114,car,0.31
2026-08-13 17:49:49.935114,car,0.3
2026-08-13 17:49:49.935114,truck,0.29
2026-08-13 17:49:49.935114,bus,0.29
2026-08-13 17:49:49.935114,car,0.28
2026-08-13 17:49:49.935114,car,0.27
2026-08-13 17:49:49.935114,car,0.27
2026-08-13 17:49:49.935114,car,0.26
2026-08-13 17:49:49.989096,bus,0.81
2026-08-13 17:49:49.989096,car,0.67
2026-08-13 17:49:49.989096,bus,0.64
2026-08-13 17:49:49.989096,car,0.61
2026-08-13 17:49:49.989096,car,0.51
2026-08-13 17:49:49.989096,bus,0.48
2026-08-13 17:49:49.989096,car,0.43
2026-08-13 17:49:49.989096,car,0.42
2026-08-13 17:49:49.989096,bus,0.41
2026-08-13 17:49:49.989096,car,0.39
2026-08-13 17:49:49.994568,bus,0.38
2026-08-13 17:49:49.994568,bus,0.37
2026-08-13 17:49:49.994568,bus,0.36
2026-08-13 17:49:49.994568,car,0.34
2026-08-13 17:49:49.994568,bus,0.31
2026-08-13 17:49:49.994568,car,0.3
2026-08-13 17:49:49.994568,truck,0.29
2026-08-13 17:49:49.994568,car,0.29
2026-08-13 17:49:49.994568,car,0.29
2026-08-13 17:49:49.994568,car,0.28
2026-08-13 17:49:49.994568,car,0.26
2026-08-13 17:49:50.058647,bus,0.82
2026-08-13 17:49:50.058647,car,0.67
2026-08-13 17:49:50.058647,bus,0.64
2026-08-13 17:49:50.058647,car,0.63
2026-08-13 17:49:50.058647,car,0.48
2026-08-13 17:49:50.058647,bus,0.46
2026-08-13 17:49:50.058647,car,0.44
2026-08-13 17:49:50.058647,car,0.44
2026-08-13 17:49:50.058647,bus,0.43
2026-08-13 17:49:50.058647,car,0.41
2026-08-13 17:49:50.058647,bus,0.36
2026-08-13 17:49:50.058647,bus,0.36
2026-08-13 17:49:50.058647,bus,0.36
2026-08-13 17:49:50.058647,bus,0.36
2026-08-13 17:49:50.060679,car,0.35
2026-08-13 17:49:50.060679,car,0.31
2026-08-13 17:49:50.060679,car,0.31
2026-08-13 17:49:50.060679,truck,0.3
2026-08-13 17:49:50.060679,car,0.29
2026-08-13 17:49:50.060679,car,0.27
2026-08-13 17:49:50.060679,car,0.27
2026-08-13 17:49:50.126418,bus,0.76
2026-08-13 17:49:50.126418,car,0.65
2026-08-13 17:49:50.126418,car,0.61
2026-08-13 17:49:50.126418,bus,0.59
2026-08-13 17:49:50.127684,car,0.48
2026-08-13 17:49:50.127684,car,0.46
2026-08-13 17:49:50.127684,bus,0.46
2026-08-13 17:49:50.127684,bus,0.44
2026-08-13 17:49:50.127684,car,0.41
2026-08-13 17:49:50.127684,car,0.4
2026-08-13 17:49:50.127684,car,0.39
2026-08-13 17:49:50.127684,car,0.38
2026-08-13 17:49:50.127684,bus,0.38
2026-08-13 17:49:50.127684,bus,0.35
2026-08-13 17:49:50.127684,bus,0.35
2026-08-13 17:49:50.127684,car,0.32
2026-08-13 17:49:50.127684,car,0.31
2026-08-13 17:49:50.127684,car,0.29
2026-08-13 17:49:50.128688,truck,0.29
2026-08-13 17:49:50.128688,bus,0.28
2026-08-13 17:49:50.128688,bus,0.27
2026-08-13 17:49:50.128688,car,0.27
2026-08-13 17:49:50.128688,car,0.26
2026-08-13 17:49:50.128688,car,0.26
2026-08-13 17:49:50.128688,person,0.25
2026-08-13 17:49:50.205740,bus,0.78
2026-08-13 17:49:50.205740,car,0.66
2026-08-13 17:49:50.205740,car,0.61
2026-08-13 17:49:50.205740,bus,0.59
2026-08-13 17:49:50.205740,car,0.48
2026-08-13 17:49:50.205740,bus,0.46
2026-08-13 17:49:50.208245,car,0.45
2026-08-13 17:49:50.208245,car,0.41
2026-08-13 17:49:50.208245,bus,0.41
2026-08-13 17:49:50.208245,car,0.4
2026-08-13 17:49:50.208245,car,0.4
2026-08-13 17:49:50.208245,bus,0.38
2026-08-13 17:49:50.208245,car,0.37
2026-08-13 17:49:50.208762,bus,0.36
2026-08-13 17:49:50.208762,bus,0.34
2026-08-13 17:49:50.208762,car,0.34
2026-08-13 17:49:50.208762,car,0.31
2026-08-13 17:49:50.208762,bus,0.3
2026-08-13 17:49:50.208762,car,0.29
2026-08-13 17:49:50.208762,person,0.29
2026-08-13 17:49:50.208762,truck,0.29
2026-08-13 17:49:50.208762,car,0.28
2026-08-13 17:49:50.208762,bus,0.27
2026-08-13 17:49:50.208762,car,0.26
2026-08-13 17:49:50.282465,bus,0.77
2026-08-13 17:49:50.282465,car,0.65
2026-08-13 17:49:50.282465,car,0.61
2026-08-13 17:49:50.282465,bus,0.56
2026-08-13 17:49:50.282465,bus,0.53
2026-08-13 17:49:50.282465,car,0.48
2026-08-13 17:49:50.282465,bus,0.48
2026-08-13 17:49:50.282465,car,0.44
2026-08-13 17:49:50.282465,car,0.42
2026-08-13 17:49:50.282465,car,0.41
2026-08-13 17:49:50.283466,car,0.41
2026-08-13 17:49:50.283466,car,0.4
2026-08-13 17:49:50.283466,bus,0.37
2026-08-13 17:49:50.283466,bus,0.37
2026-08-13 17:49:50.283466,bus,0.34
2026-08-13 17:49:50.283466,bus,0.32
2026-08-13 17:49:50.283466,car,0.32
2026-08-13 17:49:50.283466,car,0.32
2026-08-13 17:49:50.283466,car,0.31
2026-08-13 17:49:50.283466,car,0.3
2026-08-13 17:49:50.283466,truck,0.29
2026-08-13 17:49:50.283466,person,0.29
2026-08-13 17:49:50.283466,truck,0.27
2026-08-13 17:49:50.283466,car,0.26
2026-08-13 17:49:50.283466,car,0.26
2026-08-13 17:49:50.283466,car,0.26
2026-08-13 17:49:50.345865,bus,0.78
2026-08-13 17:49:50.345865,car,0.64
2026-08-13 17:49:50.345865,car,0.64
2026-08-13 17:49:50.345865,bus,0.52
2026-08-13 17:49:50.345865,bus,0.52
2026-08-13 17:49:50.345865,car,0.49
2026-08-13 17:49:50.345865,bus,0.46
2026-08-13 17:49:50.345865,car,0.45
2026-08-13 17:49:50.345865,car,0.43
2026-08-13 17:49:50.345865,car,0.42
2026-08-13 17:49:50.345865,car,0.41
2026-08-13 17:49:50.345865,car,0.4
2026-08-13 17:49:50.345865,car,0.4
2026-08-13 17:49:50.345865,car,0.36
2026-08-13 17:49:50.345865,bus,0.34
2026-08-13 17:49:50.347868,bus,0.33
2026-08-13 17:49:50.347868,bus,0.32
2026-08-13 17:49:50.347868,bus,0.32
2026-08-13 17:49:50.347868,car,0.31
2026-08-13 17:49:50.347868,bus,0.3
2026-08-13 17:49:50.347868,car,0.29
2026-08-13 17:49:50.347868,truck,0.29
2026-08-13 17:49:50.347868,car,0.25
2026-08-13 17:49:50.420155,bus,0.78
2026-08-13 17:49:50.420155,car,0.64
2026-08-13 17:49:50.420155,car,0.64
2026-08-13 17:49:50.420155,bus,0.54
2026-08-13 17:49:50.420155,bus,0.54
2026-08-13 17:49:50.420155,car,0.49
2026-08-13 17:49:50.420155,bus,0.49
2026-08-13 17:49:50.420155,car,0.44
2026-08-13 17:49:50.420155,car,0.43
2026-08-13 17:49:50.420155,car,0.43
2026-08-13 17:49:50.422184,car,0.4
2026-08-13 17:49:50.422184,car,0.4
2026-08-13 17:49:50.422184,car,0.4
2026-08-13 17:49:50.422184,car,0.35
2026-08-13 17:49:50.422184,bus,0.34
2026-08-13 17:49:50.422184,bus,0.33
2026-08-13 17:49:50.422184,bus,0.32
2026-08-13 17:49:50.422184,car,0.31
2026-08-13 17:49:50.422184,person,0.31
2026-08-13 17:49:50.422184,bus,0.3
2026-08-13 17:49:50.422184,truck,0.29
2026-08-13 17:49:50.422184,car,0.28
2026-08-13 17:49:50.422184,bus,0.28
2026-08-13 17:49:50.422184,truck,0.26
2026-08-13 17:49:50.502871,bus,0.77
2026-08-13 17:49:50.502871,car,0.67
2026-08-13 17:49:50.502871,car,0.64
2026-08-13 17:49:50.502871,car,0.52
2026-08-13 17:49:50.502871,bus,0.5
2026-08-13 17:49:50.502871,bus,0.5
2026-08-13 17:49:50.502871,bus,0.49
2026-08-13 17:49:50.502871,car,0.46
2026-08-13 17:49:50.502871,car,0.44
2026-08-13 17:49:50.502871,car,0.42
2026-08-13 17:49:50.502871,car,0.41
2026-08-13 17:49:50.502871,car,0.38
2026-08-13 17:49:50.502871,car,0.38
2026-08-13 17:49:50.502871,car,0.34
2026-08-13 17:49:50.502871,bus,0.33
2026-08-13 17:49:50.502871,bus,0.33
2026-08-13 17:49:50.502871,car,0.33
2026-08-13 17:49:50.504879,bus,0.32
2026-08-13 17:49:50.504879,bus,0.28
2026-08-13 17:49:50.504879,car,0.28
2026-08-13 17:49:50.504879,truck,0.28
2026-08-13 17:49:50.504879,bus,0.28
2026-08-13 17:49:50.504879,person,0.27
2026-08-13 17:49:50.504879,bus,0.27
2026-08-13 17:49:50.604148,bus,0.76
2026-08-13 17:49:50.604148,car,0.67
2026-08-13 17:49:50.604148,car,0.64
2026-08-13 17:49:50.604148,car,0.52
2026-08-13 17:49:50.604148,bus,0.5
2026-08-13 17:49:50.604148,car,0.48
2026-08-13 17:49:50.604148,bus,0.47
2026-08-13 17:49:50.604148,bus,0.44
2026-08-13 17:49:50.604148,car,0.42
2026-08-13 17:49:50.604148,car,0.42
2026-08-13 17:49:50.604148,car,0.41
2026-08-13 17:49:50.604148,car,0.4
2026-08-13 17:49:50.604148,car,0.38
2026-08-13 17:49:50.604148,bus,0.34
2026-08-13 17:49:50.604148,car,0.34
2026-08-13 17:49:50.604148,car,0.33
2026-08-13 17:49:50.604148,bus,0.31
2026-08-13 17:49:50.604148,truck,0.29
2026-08-13 17:49:50.604148,bus,0.28
2026-08-13 17:49:50.605653,bus,0.28
2026-08-13 17:49:50.605653,car,0.28
2026-08-13 17:49:50.605653,bus,0.27
2026-08-13 17:49:50.605653,car,0.26
2026-08-13 17:49:50.605653,truck,0.26
2026-08-13 17:49:50.605653,car,0.25
2026-08-13 17:49:50.683825,bus,0.77
2026-08-13 17:49:50.683825,car,0.67
2026-08-13 17:49:50.683825,car,0.64
2026-08-13 17:49:50.683825,car,0.52
2026-08-13 17:49:50.683825,bus,0.51
2026-08-13 17:49:50.683825,bus,0.47
2026-08-13 17:49:50.683825,car,0.44
2026-08-13 17:49:50.683825,car,0.44
2026-08-13 17:49:50.683825,car,0.44
2026-08-13 17:49:50.683825,bus,0.43
2026-08-13 17:49:50.683825,car,0.4
2026-08-13 17:49:50.683825,car,0.4
2026-08-13 17:49:50.683825,car,0.35
2026-08-13 17:49:50.683825,car,0.35
2026-08-13 17:49:50.683825,car,0.33
2026-08-13 17:49:50.683825,bus,0.33
2026-08-13 17:49:50.683825,bus,0.32
2026-08-13 17:49:50.683825,car,0.3
2026-08-13 17:49:50.683825,bus,0.3
2026-08-13 17:49:50.683825,car,0.28
2026-08-13 17:49:50.683825,truck,0.28
2026-08-13 17:49:50.683825,bus,0.27
2026-08-13 17:49:50.683825,bus,0.26
2026-08-13 17:49:50.683825,car,0.25
2026-08-13 17:49:50.778969,bus,0.78
2026-08-13 17:49:50.778969,car,0.68
2026-08-13 17:49:50.778969,car,0.62
2026-08-13 17:49:50.778969,car,0.54
2026-08-13 17:49:50.788960,bus,0.51
2026-08-13 17:49:50.788960,bus,0.51
2026-08-13 17:49:50.788960,bus,0.48
2026-08-13 17:49:50.788960,car,0.45
2026-08-13 17:49:50.788960,car,0.43
2026-08-13 17:49:50.788960,car,0.4
2026-08-13 17:49:50.788960,car,0.39
2026-08-13 17:49:50.788960,bus,0.36
2026-08-13 17:49:50.788960,car,0.35
2026-08-13 17:49:50.788960,bus,0.34
2026-08-13 17:49:50.788960,bus,0.33
2026-08-13 17:49:50.788960,car,0.33
2026-08-13 17:49:50.788960,car,0.33
2026-08-13 17:49:50.788960,car,0.32
2026-08-13 17:49:50.791061,car,0.31
2026-08-13 17:49:50.791061,car,0.29
2026-08-13 17:49:50.791061,truck,0.28
2026-08-13 17:49:50.791061,car,0.27
2026-08-13 17:49:50.791061,bus,0.26
2026-08-13 17:49:50.878972,bus,0.77
2026-08-13 17:49:50.878972,car,0.69
2026-08-13 17:49:50.878972,car,0.63
2026-08-13 17:49:50.878972,car,0.56
2026-08-13 17:49:50.878972,bus,0.52
2026-08-13 17:49:50.878972,car,0.51
2026-08-13 17:49:50.880988,bus,0.47
2026-08-13 17:49:50.880988,car,0.47
2026-08-13 17:49:50.880988,bus,0.43
2026-08-13 17:49:50.880988,car,0.42
2026-08-13 17:49:50.880988,car,0.41
2026-08-13 17:49:50.880988,car,0.4
2026-08-13 17:49:50.880988,bus,0.35
2026-08-13 17:49:50.880988,car,0.35
2026-08-13 17:49:50.880988,bus,0.33
2026-08-13 17:49:50.880988,car,0.33
2026-08-13 17:49:50.880988,car,0.31
2026-08-13 17:49:50.880988,car,0.3
2026-08-13 17:49:50.880988,bus,0.29
2026-08-13 17:49:50.880988,truck,0.28
2026-08-13 17:49:50.880988,car,0.27
2026-08-13 17:49:50.880988,car,0.27
2026-08-13 17:49:50.975664,bus,0.76
2026-08-13 17:49:50.975664,car,0.69
2026-08-13 17:49:50.975664,car,0.63
2026-08-13 17:49:50.975664,car,0.56
2026-08-13 17:49:50.975664,bus,0.54
2026-08-13 17:49:50.976166,car,0.47
2026-08-13 17:49:50.976166,car,0.47
2026-08-13 17:49:50.976166,bus,0.46
2026-08-13 17:49:50.976166,bus,0.45
2026-08-13 17:49:50.976166,car,0.42
2026-08-13 17:49:50.976166,car,0.41
2026-08-13 17:49:50.976166,car,0.41
2026-08-13 17:49:50.976166,bus,0.36
2026-08-13 17:49:50.976166,car,0.35
2026-08-13 17:49:50.976166,bus,0.35
2026-08-13 17:49:50.976166,car,0.33
2026-08-13 17:49:50.976166,car,0.31
2026-08-13 17:49:50.976166,car,0.3
2026-08-13 17:49:50.976166,bus,0.28
2026-08-13 17:49:50.976166,car,0.27
2026-08-13 17:49:50.976166,bus,0.25
2026-08-13 17:49:50.976166,car,0.25
2026-08-13 17:49:51.059070,bus,0.77
2026-08-13 17:49:51.059070,car,0.68
2026-08-13 17:49:51.059070,car,0.6
2026-08-13 17:49:51.059070,car,0.54
2026-08-13 17:49:51.059070,bus,0.53
2026-08-13 17:49:51.059070,car,0.47
2026-08-13 17:49:51.059070,bus,0.46
2026-08-13 17:49:51.059070,car,0.46
2026-08-13 17:49:51.059070,bus,0.45
2026-08-13 17:49:51.059070,car,0.39
2026-08-13 17:49:51.059070,car,0.39
2026-08-13 17:49:51.059070,car,0.39
2026-08-13 17:49:51.059070,bus,0.37
2026-08-13 17:49:51.059070,car,0.36
2026-08-13 17:49:51.059070,car,0.34
2026-08-13 17:49:51.059070,bus,0.34
2026-08-13 17:49:51.059070,car,0.34
2026-08-13 17:49:51.059070,car,0.29
2026-08-13 17:49:51.059070,car,0.28
2026-08-13 17:49:51.059070,bus,0.27
2026-08-13 17:49:51.059070,car,0.25
2026-08-13 17:49:51.125870,bus,0.78
2026-08-13 17:49:51.125870,car,0.68
2026-08-13 17:49:51.125870,car,0.6
2026-08-13 17:49:51.125870,car,0.55
2026-08-13 17:49:51.125870,bus,0.52
2026-08-13 17:49:51.125870,car,0.5
2026-08-13 17:49:51.125870,bus,0.48
2026-08-13 17:49:51.125870,car,0.44
2026-08-13 17:49:51.125870,car,0.4
2026-08-13 17:49:51.125870,bus,0.39
2026-08-13 17:49:51.125870,bus,0.39
2026-08-13 17:49:51.125870,car,0.39
2026-08-13 17:49:51.125870,car,0.38
2026-08-13 17:49:51.125870,car,0.35
2026-08-13 17:49:51.125870,bus,0.35
2026-08-13 17:49:51.125870,car,0.34
2026-08-13 17:49:51.125870,car,0.33
2026-08-13 17:49:51.125870,car,0.28
2026-08-13 17:49:51.125870,bus,0.28
2026-08-13 17:49:51.125870,truck,0.27
2026-08-13 17:49:51.125870,car,0.25
2026-08-13 17:49:51.188800,bus,0.79
2026-08-13 17:49:51.188800,car,0.69
2026-08-13 17:49:51.188800,car,0.58
2026-08-13 17:49:51.188800,car,0.55
2026-08-13 17:49:51.188800,bus,0.49
2026-08-13 17:49:51.188800,car,0.45
2026-08-13 17:49:51.188800,bus,0.43
2026-08-13 17:49:51.190828,car,0.42
2026-08-13 17:49:51.190828,bus,0.41
2026-08-13 17:49:51.190828,bus,0.39
2026-08-13 17:49:51.190828,car,0.38
2026-08-13 17:49:51.190828,car,0.38
2026-08-13 17:49:51.190828,car,0.37
2026-08-13 17:49:51.190828,car,0.35
2026-08-13 17:49:51.190828,car,0.34
2026-08-13 17:49:51.190828,car,0.34
2026-08-13 17:49:51.190828,bus,0.32
2026-08-13 17:49:51.190828,bus,0.32
2026-08-13 17:49:51.190828,car,0.3
2026-08-13 17:49:51.190828,car,0.29
2026-08-13 17:49:51.190828,truck,0.28
2026-08-13 17:49:51.190828,car,0.27
2026-08-13 17:49:51.190828,motorcycle,0.25
2026-08-13 17:49:51.190828,car,0.25
2026-08-13 17:49:51.300782,bus,0.8
2026-08-13 17:49:51.300782,car,0.69
2026-08-13 17:49:51.300782,car,0.59
2026-08-13 17:49:51.300782,car,0.55
2026-08-13 17:49:51.300782,bus,0.51
2026-08-13 17:49:51.300782,car,0.45
2026-08-13 17:49:51.300782,bus,0.44
2026-08-13 17:49:51.300782,bus,0.44
2026-08-13 17:49:51.300782,car,0.42
2026-08-13 17:49:51.300782,car,0.4
2026-08-13 17:49:51.300782,bus,0.39
2026-08-13 17:49:51.300782,car,0.38
2026-08-13 17:49:51.300782,car,0.37
2026-08-13 17:49:51.300782,car,0.36
2026-08-13 17:49:51.300782,bus,0.35
2026-08-13 17:49:51.302785,car,0.34
2026-08-13 17:49:51.302785,car,0.33
2026-08-13 17:49:51.302785,car,0.32
2026-08-13 17:49:51.302785,car,0.28
2026-08-13 17:49:51.302785,bus,0.27
2026-08-13 17:49:51.302785,car,0.27
2026-08-13 17:49:51.302785,car,0.26
2026-08-13 17:49:51.371210,bus,0.78
2026-08-13 17:49:51.371210,car,0.68
2026-08-13 17:49:51.371210,car,0.58
2026-08-13 17:49:51.371210,car,0.53
2026-08-13 17:49:51.373222,bus,0.5
2026-08-13 17:49:51.373222,bus,0.47
2026-08-13 17:49:51.373222,car,0.45
2026-08-13 17:49:51.373222,bus,0.45
2026-08-13 17:49:51.373222,car,0.41
2026-08-13 17:49:51.373222,car,0.41
2026-08-13 17:49:51.373222,bus,0.4
2026-08-13 17:49:51.373222,car,0.38
2026-08-13 17:49:51.373222,car,0.36
2026-08-13 17:49:51.373222,car,0.36
2026-08-13 17:49:51.373222,bus,0.36
2026-08-13 17:49:51.373222,car,0.35
2026-08-13 17:49:51.373222,car,0.32
2026-08-13 17:49:51.373222,car,0.3
2026-08-13 17:49:51.373222,bus,0.29
2026-08-13 17:49:51.373222,car,0.28
2026-08-13 17:49:51.373222,car,0.26
2026-08-13 17:49:51.373222,car,0.26
2026-08-13 17:49:51.433625,bus,0.78
2026-08-13 17:49:51.433625,car,0.69
2026-08-13 17:49:51.433625,car,0.58
2026-08-13 17:49:51.433625,car,0.54
2026-08-13 17:49:51.433625,bus,0.51
2026-08-13 17:49:51.433625,bus,0.47
2026-08-13 17:49:51.433625,bus,0.45
2026-08-13 17:49:51.433625,car,0.45
2026-08-13 17:49:51.433625,car,0.42
2026-08-13 17:49:51.433625,car,0.4
2026-08-13 17:49:51.433625,car,0.39
2026-08-13 17:49:51.433625,car,0.37
2026-08-13 17:49:51.433625,bus,0.37
2026-08-13 17:49:51.433625,car,0.36
2026-08-13 17:49:51.433625,car,0.35
2026-08-13 17:49:51.433625,car,0.34
2026-08-13 17:49:51.433625,bus,0.32
2026-08-13 17:49:51.433625,car,0.31
2026-08-13 17:49:51.433625,car,0.3
2026-08-13 17:49:51.433625,bus,0.29
2026-08-13 17:49:51.433625,motorcycle,0.26
2026-08-13 17:49:51.433625,car,0.26
2026-08-13 17:49:51.433625,car,0.25
2026-08-13 17:49:51.505705,bus,0.77
2026-08-13 17:49:51.505705,car,0.69
2026-08-13 17:49:51.505705,car,0.59
2026-08-13 17:49:51.505705,car,0.54
2026-08-13 17:49:51.505705,bus,0.51
2026-08-13 17:49:51.505705,car,0.47
2026-08-13 17:49:51.505705,bus,0.46
2026-08-13 17:49:51.505705,car,0.43
2026-08-13 17:49:51.505705,bus,0.42
2026-08-13 17:49:51.505705,car,0.41
2026-08-13 17:49:51.505705,car,0.39
2026-08-13 17:49:51.507708,bus,0.37
2026-08-13 17:49:51.507708,car,0.37
2026-08-13 17:49:51.507708,car,0.36
2026-08-13 17:49:51.507708,car,0.35
2026-08-13 17:49:51.507708,car,0.34
2026-08-13 17:49:51.507708,bus,0.31
2026-08-13 17:49:51.507708,bus,0.31
2026-08-13 17:49:51.507708,car,0.3
2026-08-13 17:49:51.507708,car,0.3
2026-08-13 17:49:51.507708,car,0.28
2026-08-13 17:49:51.507708,motorcycle,0.26
2026-08-13 17:49:51.570068,bus,0.78
2026-08-13 17:49:51.570068,car,0.7
2026-08-13 17:49:51.570068,car,0.59
2026-08-13 17:49:51.570068,car,0.55
2026-08-13 17:49:51.570068,bus,0.54
2026-08-13 17:49:51.570068,car,0.46
2026-08-13 17:49:51.570068,car,0.45
2026-08-13 17:49:51.570068,bus,0.44
2026-08-13 17:49:51.570068,bus,0.43
2026-08-13 17:49:51.570068,car,0.41
2026-08-13 17:49:51.570068,car,0.39
2026-08-13 17:49:51.570068,car,0.38
2026-08-13 17:49:51.570068,bus,0.38
2026-08-13 17:49:51.570068,car,0.37
2026-08-13 17:49:51.570068,car,0.35
2026-08-13 17:49:51.575550,car,0.35
2026-08-13 17:49:51.575550,car,0.32
2026-08-13 17:49:51.575550,bus,0.31
2026-08-13 17:49:51.575550,car,0.31
2026-08-13 17:49:51.575550,bus,0.3
2026-08-13 17:49:51.575550,car,0.26
2026-08-13 17:49:51.575550,motorcycle,0.26
2026-08-13 17:49:51.575550,car,0.25
2026-08-13 17:49:51.649987,bus,0.78
2026-08-13 17:49:51.649987,car,0.69
2026-08-13 17:49:51.649987,car,0.59
2026-08-13 17:49:51.649987,car,0.54
2026-08-13 17:49:51.649987,bus,0.52
2026-08-13 17:49:51.649987,car,0.45
2026-08-13 17:49:51.649987,bus,0.44
2026-08-13 17:49:51.649987,bus,0.44
2026-08-13 17:49:51.649987,car,0.44
2026-08-13 17:49:51.649987,car,0.41
2026-08-13 17:49:51.649987,bus,0.38
2026-08-13 17:49:51.649987,car,0.38
2026-08-13 17:49:51.649987,car,0.38
2026-08-13 17:49:51.649987,car,0.36
2026-08-13 17:49:51.649987,car,0.34
2026-08-13 17:49:51.649987,car,0.34
2026-08-13 17:49:51.649987,car,0.32
2026-08-13 17:49:51.649987,bus,0.32
2026-08-13 17:49:51.649987,bus,0.31
2026-08-13 17:49:51.649987,car,0.31
2026-08-13 17:49:51.649987,car,0.29
2026-08-13 17:49:51.649987,car,0.26
2026-08-13 17:49:51.649987,motorcycle,0.26
2026-08-13 17:49:51.723491,bus,0.77
2026-08-13 17:49:51.723491,car,0.7
2026-08-13 17:49:51.723491,car,0.59
2026-08-13 17:49:51.723491,car,0.55
2026-08-13 17:49:51.723491,bus,0.51
2026-08-13 17:49:51.723491,car,0.49
2026-08-13 17:49:51.723491,car,0.49
2026-08-13 17:49:51.723491,bus,0.44
2026-08-13 17:49:51.723491,car,0.41
2026-08-13 17:49:51.723491,bus,0.4
2026-08-13 17:49:51.723491,bus,0.38
2026-08-13 17:49:51.723491,car,0.38
2026-08-13 17:49:51.723491,car,0.37
2026-08-13 17:49:51.723491,car,0.36
2026-08-13 17:49:51.723491,car,0.36
2026-08-13 17:49:51.723491,bus,0.34
2026-08-13 17:49:51.723491,car,0.34
2026-08-13 17:49:51.723491,car,0.32
2026-08-13 17:49:51.723491,car,0.32
2026-08-13 17:49:51.723491,bus,0.31
2026-08-13 17:49:51.726006,car,0.26
2026-08-13 17:49:51.726006,motorcycle,0.26
2026-08-13 17:49:51.726006,car,0.25
2026-08-13 17:49:51.787858,bus,0.77
2026-08-13 17:49:51.787858,car,0.69
2026-08-13 17:49:51.787858,car,0.6
2026-08-13 17:49:51.787858,car,0.56
2026-08-13 17:49:51.787858,bus,0.53
2026-08-13 17:49:51.787858,car,0.49
2026-08-13 17:49:51.787858,car,0.49
2026-08-13 17:49:51.787858,bus,0.45
2026-08-13 17:49:51.787858,car,0.43
2026-08-13 17:49:51.788861,bus,0.41
2026-08-13 17:49:51.788861,car,0.39
2026-08-13 17:49:51.788861,car,0.39
2026-08-13 17:49:51.788861,car,0.37
2026-08-13 17:49:51.788861,bus,0.37
2026-08-13 17:49:51.788861,car,0.36
2026-08-13 17:49:51.788861,car,0.34
2026-08-13 17:49:51.788861,car,0.32
2026-08-13 17:49:51.788861,car,0.31
2026-08-13 17:49:51.788861,bus,0.31
2026-08-13 17:49:51.788861,bus,0.3
2026-08-13 17:49:51.788861,motorcycle,0.26
2026-08-13 17:49:51.788861,person,0.25
2026-08-13 17:49:51.856118,bus,0.77
2026-08-13 17:49:51.856118,car,0.7
2026-08-13 17:49:51.856118,car,0.59
2026-08-13 17:49:51.856118,car,0.56
2026-08-13 17:49:51.856118,car,0.49
2026-08-13 17:49:51.856118,car,0.48
2026-08-13 17:49:51.856118,bus,0.46
2026-08-13 17:49:51.856118,bus,0.45
2026-08-13 17:49:51.856118,car,0.42
2026-08-13 17:49:51.856118,bus,0.41
2026-08-13 17:49:51.856118,car,0.39
2026-08-13 17:49:51.856118,car,0.38
2026-08-13 17:49:51.856118,car,0.37
2026-08-13 17:49:51.856118,bus,0.37
2026-08-13 17:49:51.856118,car,0.36
2026-08-13 17:49:51.856118,car,0.34
2026-08-13 17:49:51.856118,bus,0.33
2026-08-13 17:49:51.856118,car,0.32
2026-08-13 17:49:51.856118,car,0.32
2026-08-13 17:49:51.856118,bus,0.3
2026-08-13 17:49:51.856118,motorcycle,0.26
2026-08-13 17:49:51.921724,bus,0.79
2026-08-13 17:49:51.921724,car,0.72
2026-08-13 17:49:51.921724,car,0.6
2026-08-13 17:49:51.921724,car,0.59
2026-08-13 17:49:51.921724,car,0.53
2026-08-13 17:49:51.921724,car,0.49
2026-08-13 17:49:51.921724,bus,0.46
2026-08-13 17:49:51.921724,bus,0.42
2026-08-13 17:49:51.921724,car,0.42
2026-08-13 17:49:51.921724,car,0.41
2026-08-13 17:49:51.921724,car,0.4
2026-08-13 17:49:51.921724,bus,0.38
2026-08-13 17:49:51.921724,car,0.38
2026-08-13 17:49:51.921724,car,0.38
2026-08-13 17:49:51.921724,bus,0.35
2026-08-13 17:49:51.921724,car,0.35
2026-08-13 17:49:51.921724,car,0.34
2026-08-13 17:49:51.921724,car,0.33
2026-08-13 17:49:51.921724,bus,0.32
2026-08-13 17:49:51.921724,car,0.31
2026-08-13 17:49:51.921724,bus,0.28
2026-08-13 17:49:51.921724,motorcycle,0.26
2026-08-13 17:49:51.921724,car,0.25
2026-08-13 17:49:51.991015,bus,0.78
2026-08-13 17:49:51.991015,car,0.7
2026-08-13 17:49:51.991015,car,0.58
2026-08-13 17:49:51.991015,car,0.57
2026-08-13 17:49:51.991015,car,0.52
2026-08-13 17:49:51.991015,bus,0.46
2026-08-13 17:49:51.991015,car,0.45
2026-08-13 17:49:51.991015,car,0.45
2026-08-13 17:49:51.991015,bus,0.43
2026-08-13 17:49:51.991015,car,0.42
2026-08-13 17:49:51.991015,car,0.4
2026-08-13 17:49:51.991015,car,0.39
2026-08-13 17:49:51.991015,car,0.38
2026-08-13 17:49:51.991015,car,0.37
2026-08-13 17:49:51.991015,bus,0.36
2026-08-13 17:49:51.991015,car,0.34
2026-08-13 17:49:51.991015,bus,0.34
2026-08-13 17:49:51.991015,bus,0.31
2026-08-13 17:49:51.991015,car,0.31
2026-08-13 17:49:51.991015,car,0.31
2026-08-13 17:49:51.991015,bus,0.3
2026-08-13 17:49:51.991015,motorcycle,0.25
2026-08-13 17:49:52.065031,bus,0.76
2026-08-13 17:49:52.065031,car,0.71
2026-08-13 17:49:52.065031,car,0.58
2026-08-13 17:49:52.065031,car,0.58
2026-08-13 17:49:52.065031,car,0.51
2026-08-13 17:49:52.065031,bus,0.46
2026-08-13 17:49:52.065031,car,0.45
2026-08-13 17:49:52.065031,car,0.44
2026-08-13 17:49:52.065031,car,0.43
2026-08-13 17:49:52.065031,bus,0.4
2026-08-13 17:49:52.065031,car,0.39
2026-08-13 17:49:52.065031,car,0.39
2026-08-13 17:49:52.065031,car,0.37
2026-08-13 17:49:52.065031,car,0.37
2026-08-13 17:49:52.065031,bus,0.36
2026-08-13 17:49:52.065031,bus,0.34
2026-08-13 17:49:52.065031,car,0.34
2026-08-13 17:49:52.065031,bus,0.32
2026-08-13 17:49:52.065031,car,0.31
2026-08-13 17:49:52.065031,bus,0.3
2026-08-13 17:49:52.065031,motorcycle,0.26
2026-08-13 17:49:52.131042,bus,0.76
2026-08-13 17:49:52.131042,car,0.7
2026-08-13 17:49:52.131042,car,0.57
2026-08-13 17:49:52.131042,car,0.57
2026-08-13 17:49:52.131042,car,0.53
2026-08-13 17:49:52.131042,car,0.47
2026-08-13 17:49:52.131042,car,0.46
2026-08-13 17:49:52.131042,bus,0.46
2026-08-13 17:49:52.131042,car,0.45
2026-08-13 17:49:52.131042,bus,0.41
2026-08-13 17:49:52.131042,car,0.4
2026-08-13 17:49:52.131042,car,0.38
2026-08-13 17:49:52.131042,car,0.37
2026-08-13 17:49:52.131042,bus,0.37
2026-08-13 17:49:52.131042,car,0.36
2026-08-13 17:49:52.131042,car,0.33
2026-08-13 17:49:52.131042,bus,0.32
2026-08-13 17:49:52.131042,car,0.31
2026-08-13 17:49:52.131042,bus,0.29
2026-08-13 17:49:52.131042,bus,0.28
2026-08-13 17:49:52.131042,motorcycle,0.27
2026-08-13 17:49:52.131042,bus,0.26
2026-08-13 17:49:52.195679,bus,0.76
2026-08-13 17:49:52.195679,car,0.68
2026-08-13 17:49:52.195679,car,0.57
2026-08-13 17:49:52.195679,car,0.56
2026-08-13 17:49:52.195679,car,0.49
2026-08-13 17:49:52.195679,car,0.47
2026-08-13 17:49:52.195679,car,0.47
2026-08-13 17:49:52.195679,car,0.46
2026-08-13 17:49:52.195679,bus,0.43
2026-08-13 17:49:52.195679,car,0.39
2026-08-13 17:49:52.198693,bus,0.39
2026-08-13 17:49:52.198693,car,0.38
2026-08-13 17:49:52.198693,bus,0.37
2026-08-13 17:49:52.198693,car,0.36
2026-08-13 17:49:52.198693,car,0.36
2026-08-13 17:49:52.198693,bus,0.35
2026-08-13 17:49:52.198693,car,0.35
2026-08-13 17:49:52.198693,bus,0.32
2026-08-13 17:49:52.198693,bus,0.31
2026-08-13 17:49:52.198693,car,0.29
2026-08-13 17:49:52.198693,car,0.29
2026-08-13 17:49:52.198693,bus,0.28
2026-08-13 17:49:52.198693,bus,0.27
2026-08-13 17:49:52.198693,motorcycle,0.27
2026-08-13 17:49:52.198693,car,0.27
2026-08-13 17:49:52.272211,bus,0.76
2026-08-13 17:49:52.272211,car,0.68
2026-08-13 17:49:52.272211,car,0.57
2026-08-13 17:49:52.272211,car,0.57
2026-08-13 17:49:52.272211,car,0.49
2026-08-13 17:49:52.272211,car,0.47
2026-08-13 17:49:52.272211,car,0.47
2026-08-13 17:49:52.272211,car,0.47
2026-08-13 17:49:52.272211,bus,0.42
2026-08-13 17:49:52.272211,bus,0.41
2026-08-13 17:49:52.272211,car,0.4
2026-08-13 17:49:52.272211,car,0.38
2026-08-13 17:49:52.272211,car,0.38
2026-08-13 17:49:52.272211,car,0.38
2026-08-13 17:49:52.272211,bus,0.38
2026-08-13 17:49:52.272211,bus,0.35
2026-08-13 17:49:52.272211,car,0.32
2026-08-13 17:49:52.272211,bus,0.3
2026-08-13 17:49:52.272211,car,0.29
2026-08-13 17:49:52.272211,car,0.29
2026-08-13 17:49:52.272211,bus,0.28
2026-08-13 17:49:52.272211,bus,0.28
2026-08-13 17:49:52.272211,bus,0.28
2026-08-13 17:49:52.272211,car,0.27
2026-08-13 17:49:52.272211,motorcycle,0.26
2026-08-13 17:49:52.347071,bus,0.75
2026-08-13 17:49:52.347071,car,0.69
2026-08-13 17:49:52.347071,car,0.58
2026-08-13 17:49:52.347071,car,0.57
2026-08-13 17:49:52.347071,car,0.53
2026-08-13 17:49:52.347071,car,0.48
2026-08-13 17:49:52.347071,car,0.47
2026-08-13 17:49:52.349088,bus,0.45
2026-08-13 17:49:52.349088,car,0.4
2026-08-13 17:49:52.349088,car,0.39
2026-08-13 17:49:52.349088,car,0.38
2026-08-13 17:49:52.349088,car,0.38
2026-08-13 17:49:52.349088,bus,0.37
2026-08-13 17:49:52.349088,car,0.36
2026-08-13 17:49:52.349088,car,0.36
2026-08-13 17:49:52.349088,bus,0.35
2026-08-13 17:49:52.349088,bus,0.33
2026-08-13 17:49:52.349088,bus,0.31
2026-08-13 17:49:52.349088,car,0.29
2026-08-13 17:49:52.349088,motorcycle,0.29
2026-08-13 17:49:52.349088,car,0.28
2026-08-13 17:49:52.349088,bus,0.27
2026-08-13 17:49:52.349088,bus,0.25
2026-08-13 17:49:52.437988,bus,0.75
2026-08-13 17:49:52.437988,car,0.69
2026-08-13 17:49:52.437988,car,0.57
2026-08-13 17:49:52.437988,car,0.57
2026-08-13 17:49:52.437988,car,0.47
2026-08-13 17:49:52.437988,bus,0.46
2026-08-13 17:49:52.437988,bus,0.45
2026-08-13 17:49:52.437988,car,0.45
2026-08-13 17:49:52.438991,car,0.44
2026-08-13 17:49:52.438991,car,0.42
2026-08-13 17:49:52.438991,bus,0.41
2026-08-13 17:49:52.438991,car,0.41
2026-08-13 17:49:52.438991,car,0.39
2026-08-13 17:49:52.438991,bus,0.39
2026-08-13 17:49:52.438991,car,0.39
2026-08-13 17:49:52.438991,car,0.34
2026-08-13 17:49:52.438991,bus,0.34
2026-08-13 17:49:52.438991,car,0.32
2026-08-13 17:49:52.438991,motorcycle,0.29
2026-08-13 17:49:52.438991,bus,0.27
2026-08-13 17:49:52.438991,bus,0.26
2026-08-13 17:49:52.438991,car,0.26
2026-08-13 17:49:52.530664,bus,0.75
2026-08-13 17:49:52.530664,car,0.68
2026-08-13 17:49:52.530664,car,0.57
2026-08-13 17:49:52.530664,car,0.55
2026-08-13 17:49:52.530664,car,0.49
2026-08-13 17:49:52.530664,car,0.48
2026-08-13 17:49:52.530664,bus,0.46
2026-08-13 17:49:52.530664,car,0.44
2026-08-13 17:49:52.530664,car,0.44
2026-08-13 17:49:52.532668,bus,0.43
2026-08-13 17:49:52.532668,bus,0.42
2026-08-13 17:49:52.532668,car,0.39
2026-08-13 17:49:52.532668,car,0.39
2026-08-13 17:49:52.532668,car,0.37
2026-08-13 17:49:52.532668,bus,0.36
2026-08-13 17:49:52.532668,bus,0.36
2026-08-13 17:49:52.532668,car,0.35
2026-08-13 17:49:52.532668,bus,0.31
2026-08-13 17:49:52.532668,car,0.31
2026-08-13 17:49:52.532668,bus,0.29
2026-08-13 17:49:52.532668,motorcycle,0.27
2026-08-13 17:49:52.532668,car,0.26
2026-08-13 17:49:52.635920,bus,0.75
2026-08-13 17:49:52.635920,car,0.68
2026-08-13 17:49:52.635920,car,0.56
2026-08-13 17:49:52.635920,car,0.55
2026-08-13 17:49:52.635920,bus,0.5
2026-08-13 17:49:52.635920,car,0.47
2026-08-13 17:49:52.635920,bus,0.47
2026-08-13 17:49:52.635920,bus,0.46
2026-08-13 17:49:52.635920,car,0.45
2026-08-13 17:49:52.635920,car,0.45
2026-08-13 17:49:52.635920,car,0.42
2026-08-13 17:49:52.635920,car,0.41
2026-08-13 17:49:52.638937,bus,0.41
2026-08-13 17:49:52.638937,car,0.41
2026-08-13 17:49:52.638937,car,0.38
2026-08-13 17:49:52.638937,bus,0.35
2026-08-13 17:49:52.638937,car,0.34
2026-08-13 17:49:52.638937,bus,0.34
2026-08-13 17:49:52.638937,motorcycle,0.33
2026-08-13 17:49:52.638937,car,0.29
2026-08-13 17:49:52.638937,bus,0.28
2026-08-13 17:49:52.638937,car,0.27
2026-08-13 17:49:52.638937,car,0.26
2026-08-13 17:49:52.720736,bus,0.77
2026-08-13 17:49:52.720736,car,0.67
2026-08-13 17:49:52.720736,car,0.56
2026-08-13 17:49:52.720736,car,0.51
2026-08-13 17:49:52.720736,bus,0.46
2026-08-13 17:49:52.722239,bus,0.46
2026-08-13 17:49:52.722239,bus,0.46
2026-08-13 17:49:52.722239,car,0.44
2026-08-13 17:49:52.722239,car,0.43
2026-08-13 17:49:52.722239,car,0.42
2026-08-13 17:49:52.722239,bus,0.41
2026-08-13 17:49:52.722239,car,0.39
2026-08-13 17:49:52.722239,car,0.38
2026-08-13 17:49:52.722239,car,0.34
2026-08-13 17:49:52.722239,motorcycle,0.33
2026-08-13 17:49:52.722239,car,0.33
2026-08-13 17:49:52.722239,car,0.32
2026-08-13 17:49:52.722239,bus,0.32
2026-08-13 17:49:52.722239,bus,0.32
2026-08-13 17:49:52.722239,car,0.31
2026-08-13 17:49:52.723251,truck,0.28
2026-08-13 17:49:52.723251,bus,0.27
2026-08-13 17:49:52.723251,truck,0.27
2026-08-13 17:49:52.782815,bus,0.77
2026-08-13 17:49:52.782815,car,0.67
2026-08-13 17:49:52.782815,car,0.56
2026-08-13 17:49:52.782815,car,0.52
2026-08-13 17:49:52.782815,car,0.46
2026-08-13 17:49:52.782815,bus,0.45
2026-08-13 17:49:52.782815,car,0.45
2026-08-13 17:49:52.782815,car,0.43
2026-08-13 17:49:52.782815,bus,0.43
2026-08-13 17:49:52.782815,car,0.41
2026-08-13 17:49:52.782815,car,0.39
2026-08-13 17:49:52.784820,bus,0.38
2026-08-13 17:49:52.784820,car,0.36
2026-08-13 17:49:52.784820,bus,0.36
2026-08-13 17:49:52.784820,car,0.36
2026-08-13 17:49:52.784820,car,0.34
2026-08-13 17:49:52.784820,car,0.32
2026-08-13 17:49:52.784820,bus,0.32
2026-08-13 17:49:52.784820,bus,0.32
2026-08-13 17:49:52.784820,motorcycle,0.31
2026-08-13 17:49:52.784820,bus,0.3
2026-08-13 17:49:52.784820,truck,0.29
2026-08-13 17:49:52.784820,car,0.26
2026-08-13 17:49:52.851126,bus,0.77
2026-08-13 17:49:52.851126,car,0.67
2026-08-13 17:49:52.851126,car,0.57
2026-08-13 17:49:52.851126,car,0.52
2026-08-13 17:49:52.851126,car,0.47
2026-08-13 17:49:52.851126,bus,0.45
2026-08-13 17:49:52.851126,car,0.44
2026-08-13 17:49:52.851126,bus,0.43
2026-08-13 17:49:52.851126,car,0.43
2026-08-13 17:49:52.851126,car,0.42
2026-08-13 17:49:52.851126,bus,0.38
2026-08-13 17:49:52.851126,car,0.36
2026-08-13 17:49:52.851126,car,0.36
2026-08-13 17:49:52.851126,car,0.35
2026-08-13 17:49:52.851126,bus,0.35
2026-08-13 17:49:52.851126,car,0.33
2026-08-13 17:49:52.853129,bus,0.33
2026-08-13 17:49:52.853129,car,0.32
2026-08-13 17:49:52.853129,motorcycle,0.29
2026-08-13 17:49:52.853129,bus,0.29
2026-08-13 17:49:52.853129,bus,0.29
2026-08-13 17:49:52.853129,truck,0.28
2026-08-13 17:49:52.853129,car,0.26
2026-08-13 17:49:52.853129,truck,0.26
2026-08-13 17:49:52.913895,bus,0.77
2026-08-13 17:49:52.913895,car,0.69
2026-08-13 17:49:52.913895,car,0.59
2026-08-13 17:49:52.913895,car,0.53
2026-08-13 17:49:52.913895,car,0.51
2026-08-13 17:49:52.913895,car,0.51
2026-08-13 17:49:52.913895,car,0.49
2026-08-13 17:49:52.913895,bus,0.44
2026-08-13 17:49:52.913895,car,0.41
2026-08-13 17:49:52.913895,bus,0.41
2026-08-13 17:49:52.913895,car,0.4
2026-08-13 17:49:52.913895,car,0.37
2026-08-13 17:49:52.913895,car,0.37
2026-08-13 17:49:52.913895,car,0.36
2026-08-13 17:49:52.913895,bus,0.36
2026-08-13 17:49:52.913895,bus,0.34
2026-08-13 17:49:52.913895,person,0.34
2026-08-13 17:49:52.915900,bus,0.32
2026-08-13 17:49:52.915900,motorcycle,0.31
2026-08-13 17:49:52.915900,car,0.3
2026-08-13 17:49:52.915900,bus,0.3
2026-08-13 17:49:52.915900,bus,0.29
2026-08-13 17:49:52.975840,bus,0.76
2026-08-13 17:49:52.975840,car,0.7
2026-08-13 17:49:52.975840,car,0.61
2026-08-13 17:49:52.975840,car,0.54
2026-08-13 17:49:52.975840,car,0.53
2026-08-13 17:49:52.975840,car,0.52
2026-08-13 17:49:52.978696,car,0.51
2026-08-13 17:49:52.978696,bus,0.48
2026-08-13 17:49:52.978696,car,0.46
2026-08-13 17:49:52.978696,bus,0.41
2026-08-13 17:49:52.978696,car,0.39
2026-08-13 17:49:52.978696,bus,0.37
2026-08-13 17:49:52.978696,car,0.37
2026-08-13 17:49:52.978696,car,0.36
2026-08-13 17:49:52.978696,car,0.36
2026-08-13 17:49:52.978696,car,0.34
2026-08-13 17:49:52.978696,motorcycle,0.32
2026-08-13 17:49:52.978696,bus,0.3
2026-08-13 17:49:52.978696,bus,0.29
2026-08-13 17:49:52.978696,bus,0.28
2026-08-13 17:49:52.978696,bus,0.26
2026-08-13 17:49:52.978696,person,0.25
2026-08-13 17:49:53.038924,bus,0.78
2026-08-13 17:49:53.038924,car,0.69
2026-08-13 17:49:53.038924,car,0.61
2026-08-13 17:49:53.038924,car,0.52
2026-08-13 17:49:53.038924,car,0.51
2026-08-13 17:49:53.038924,car,0.49
2026-08-13 17:49:53.038924,car,0.49
2026-08-13 17:49:53.038924,bus,0.47
2026-08-13 17:49:53.038924,bus,0.46
2026-08-13 17:49:53.038924,car,0.45
2026-08-13 17:49:53.038924,bus,0.42
2026-08-13 17:49:53.038924,car,0.37
2026-08-13 17:49:53.038924,car,0.37
2026-08-13 17:49:53.038924,car,0.36
2026-08-13 17:49:53.038924,bus,0.34
2026-08-13 17:49:53.038924,motorcycle,0.31
2026-08-13 17:49:53.038924,bus,0.31
2026-08-13 17:49:53.038924,person,0.3
2026-08-13 17:49:53.038924,car,0.29
2026-08-13 17:49:53.038924,car,0.28
2026-08-13 17:49:53.038924,bus,0.28
2026-08-13 17:49:53.038924,bus,0.27
2026-08-13 17:49:53.038924,bus,0.26
2026-08-13 17:49:53.038924,car,0.26
2026-08-13 17:49:53.108756,bus,0.76
2026-08-13 17:49:53.108756,car,0.68
2026-08-13 17:49:53.108756,car,0.59
2026-08-13 17:49:53.108756,car,0.56
2026-08-13 17:49:53.108756,car,0.54
2026-08-13 17:49:53.108756,car,0.54
2026-08-13 17:49:53.108756,car,0.51
2026-08-13 17:49:53.108756,car,0.46
2026-08-13 17:49:53.108756,bus,0.46
2026-08-13 17:49:53.108756,bus,0.42
2026-08-13 17:49:53.108756,bus,0.41
2026-08-13 17:49:53.108756,car,0.38
2026-08-13 17:49:53.108756,bus,0.36
2026-08-13 17:49:53.108756,car,0.36
2026-08-13 17:49:53.108756,bus,0.35
2026-08-13 17:49:53.108756,car,0.35
2026-08-13 17:49:53.108756,car,0.34
2026-08-13 17:49:53.108756,bus,0.31
2026-08-13 17:49:53.108756,car,0.28
2026-08-13 17:49:53.108756,motorcycle,0.28
2026-08-13 17:49:53.108756,car,0.28
2026-08-13 17:49:53.108756,car,0.27
2026-08-13 17:49:53.186193,bus,0.77
2026-08-13 17:49:53.186193,car,0.68
2026-08-13 17:49:53.186193,car,0.59
2026-08-13 17:49:53.186193,car,0.57
2026-08-13 17:49:53.186193,car,0.54
2026-08-13 17:49:53.186193,car,0.54
2026-08-13 17:49:53.186193,car,0.5
2026-08-13 17:49:53.186193,bus,0.47
2026-08-13 17:49:53.186193,bus,0.46
2026-08-13 17:49:53.186193,car,0.46
2026-08-13 17:49:53.186193,bus,0.43
2026-08-13 17:49:53.186193,bus,0.39
2026-08-13 17:49:53.186193,car,0.37
2026-08-13 17:49:53.186193,bus,0.36
2026-08-13 17:49:53.186193,motorcycle,0.35
2026-08-13 17:49:53.186193,car,0.35
2026-08-13 17:49:53.186193,bus,0.34
2026-08-13 17:49:53.186193,car,0.33
2026-08-13 17:49:53.186193,car,0.27
2026-08-13 17:49:53.186193,car,0.27
2026-08-13 17:49:53.186193,car,0.25
2026-08-13 17:49:53.260701,bus,0.76
2026-08-13 17:49:53.260701,car,0.67
2026-08-13 17:49:53.260701,car,0.59
2026-08-13 17:49:53.260701,car,0.57
2026-08-13 17:49:53.260701,car,0.52
2026-08-13 17:49:53.260701,car,0.49
2026-08-13 17:49:53.260701,car,0.49
2026-08-13 17:49:53.260701,car,0.49
2026-08-13 17:49:53.260701,bus,0.48
2026-08-13 17:49:53.260701,bus,0.45
2026-08-13 17:49:53.262703,bus,0.37
2026-08-13 17:49:53.262703,bus,0.37
2026-08-13 17:49:53.262703,car,0.36
2026-08-13 17:49:53.262703,car,0.35
2026-08-13 17:49:53.262703,bus,0.35
2026-08-13 17:49:53.262703,bus,0.35
2026-08-13 17:49:53.262703,car,0.34
2026-08-13 17:49:53.262703,car,0.33
2026-08-13 17:49:53.262703,motorcycle,0.33
2026-08-13 17:49:53.262703,car,0.3
2026-08-13 17:49:53.262703,car,0.28
2026-08-13 17:49:53.262703,car,0.25
2026-08-13 17:49:53.332741,bus,0.76
2026-08-13 17:49:53.332741,car,0.68
2026-08-13 17:49:53.332741,car,0.6
2026-08-13 17:49:53.332741,car,0.59
2026-08-13 17:49:53.332741,car,0.54
2026-08-13 17:49:53.332741,car,0.5
2026-08-13 17:49:53.332741,bus,0.5
2026-08-13 17:49:53.332741,car,0.49
2026-08-13 17:49:53.332741,car,0.47
2026-08-13 17:49:53.332741,bus,0.46
2026-08-13 17:49:53.332741,bus,0.42
2026-08-13 17:49:53.332741,bus,0.41
2026-08-13 17:49:53.332741,car,0.36
2026-08-13 17:49:53.332741,bus,0.36
2026-08-13 17:49:53.332741,car,0.35
2026-08-13 17:49:53.332741,car,0.35
2026-08-13 17:49:53.332741,motorcycle,0.34
2026-08-13 17:49:53.332741,bus,0.33
2026-08-13 17:49:53.332741,car,0.3
2026-08-13 17:49:53.332741,car,0.29
2026-08-13 17:49:53.332741,car,0.27
2026-08-13 17:49:53.421846,bus,0.77
2026-08-13 17:49:53.421846,car,0.66
2026-08-13 17:49:53.421846,car,0.61
2026-08-13 17:49:53.421846,car,0.6
2026-08-13 17:49:53.421846,bus,0.52
2026-08-13 17:49:53.421846,car,0.52
2026-08-13 17:49:53.421846,bus,0.48
2026-08-13 17:49:53.422851,car,0.48
2026-08-13 17:49:53.422851,car,0.47
2026-08-13 17:49:53.422851,car,0.47
2026-08-13 17:49:53.422851,bus,0.4
2026-08-13 17:49:53.422851,bus,0.36
2026-08-13 17:49:53.423367,bus,0.36
2026-08-13 17:49:53.423367,car,0.35
2026-08-13 17:49:53.423367,bus,0.33
2026-08-13 17:49:53.423367,car,0.33
2026-08-13 17:49:53.423367,bus,0.32
2026-08-13 17:49:53.423367,car,0.32
2026-08-13 17:49:53.423367,car,0.32
2026-08-13 17:49:53.423367,motorcycle,0.32
2026-08-13 17:49:53.423367,car,0.31
2026-08-13 17:49:53.423367,car,0.3
2026-08-13 17:49:53.507951,bus,0.78
2026-08-13 17:49:53.507951,car,0.68
2026-08-13 17:49:53.507951,car,0.61
2026-08-13 17:49:53.507951,car,0.6
2026-08-13 17:49:53.507951,bus,0.52
2026-08-13 17:49:53.507951,car,0.51
2026-08-13 17:49:53.507951,car,0.49
2026-08-13 17:49:53.507951,car,0.49
2026-08-13 17:49:53.507951,bus,0.48
2026-08-13 17:49:53.507951,car,0.47
2026-08-13 17:49:53.508955,bus,0.45
2026-08-13 17:49:53.508955,bus,0.4
2026-08-13 17:49:53.508955,car,0.36
2026-08-13 17:49:53.508955,bus,0.36
2026-08-13 17:49:53.508955,car,0.36
2026-08-13 17:49:53.509469,car,0.35
2026-08-13 17:49:53.509469,motorcycle,0.34
2026-08-13 17:49:53.509469,bus,0.33
2026-08-13 17:49:53.509469,car,0.32
2026-08-13 17:49:53.509469,car,0.3
2026-08-13 17:49:53.509469,bus,0.3
2026-08-13 17:49:53.509469,truck,0.27
2026-08-13 17:49:53.509469,car,0.27
2026-08-13 17:49:53.591104,bus,0.78
2026-08-13 17:49:53.591104,car,0.63
2026-08-13 17:49:53.591104,car,0.6
2026-08-13 17:49:53.591104,car,0.57
2026-08-13 17:49:53.591104,bus,0.56
2026-08-13 17:49:53.591104,bus,0.52
2026-08-13 17:49:53.591104,car,0.48
2026-08-13 17:49:53.591104,car,0.47
2026-08-13 17:49:53.591104,bus,0.44
2026-08-13 17:49:53.591104,car,0.44
2026-08-13 17:49:53.591104,bus,0.43
2026-08-13 17:49:53.591104,car,0.42
2026-08-13 17:49:53.591104,car,0.41
2026-08-13 17:49:53.591104,bus,0.39
2026-08-13 17:49:53.591104,car,0.38
2026-08-13 17:49:53.591104,bus,0.36
2026-08-13 17:49:53.591104,car,0.36
2026-08-13 17:49:53.591104,motorcycle,0.35
2026-08-13 17:49:53.591104,bus,0.34
2026-08-13 17:49:53.591104,car,0.31
2026-08-13 17:49:53.591104,car,0.3
2026-08-13 17:49:53.591104,car,0.29
2026-08-13 17:49:53.591104,car,0.25
2026-08-13 17:49:53.696115,bus,0.79
2026-08-13 17:49:53.696115,car,0.64
2026-08-13 17:49:53.696115,bus,0.62
2026-08-13 17:49:53.696115,car,0.59
2026-08-13 17:49:53.696115,car,0.59
2026-08-13 17:49:53.696115,bus,0.5
2026-08-13 17:49:53.696115,car,0.46
2026-08-13 17:49:53.696115,car,0.45
2026-08-13 17:49:53.696115,car,0.45
2026-08-13 17:49:53.696115,bus,0.43
2026-08-13 17:49:53.696115,bus,0.41
2026-08-13 17:49:53.696115,car,0.4
2026-08-13 17:49:53.696115,bus,0.37
2026-08-13 17:49:53.696115,car,0.36
2026-08-13 17:49:53.696115,car,0.36
2026-08-13 17:49:53.696115,bus,0.35
2026-08-13 17:49:53.696115,motorcycle,0.34
2026-08-13 17:49:53.696115,person,0.34
2026-08-13 17:49:53.696115,car,0.32
2026-08-13 17:49:53.696115,bus,0.31
2026-08-13 17:49:53.696115,car,0.31
2026-08-13 17:49:53.696115,car,0.3
2026-08-13 17:49:53.698121,car,0.29
2026-08-13 17:49:53.698121,bus,0.29
2026-08-13 17:49:53.698121,car,0.27
2026-08-13 17:49:53.698121,car,0.25
2026-08-13 17:49:53.698121,car,0.25
2026-08-13 17:49:53.803219,bus,0.79
2026-08-13 17:49:53.803219,car,0.64
2026-08-13 17:49:53.803219,car,0.59
2026-08-13 17:49:53.803219,car,0.59
2026-08-13 17:49:53.803219,bus,0.56
2026-08-13 17:49:53.803219,bus,0.52
2026-08-13 17:49:53.803219,bus,0.48
2026-08-13 17:49:53.803219,car,0.47
2026-08-13 17:49:53.805997,car,0.46
2026-08-13 17:49:53.805997,car,0.43
2026-08-13 17:49:53.805997,car,0.42
2026-08-13 17:49:53.805997,car,0.42
2026-08-13 17:49:53.805997,bus,0.39
2026-08-13 17:49:53.805997,bus,0.37
2026-08-13 17:49:53.805997,car,0.36
2026-08-13 17:49:53.805997,car,0.36
2026-08-13 17:49:53.805997,bus,0.34
2026-08-13 17:49:53.805997,motorcycle,0.34
2026-08-13 17:49:53.805997,bus,0.32
2026-08-13 17:49:53.805997,car,0.31
2026-08-13 17:49:53.805997,car,0.31
2026-08-13 17:49:53.805997,car,0.3
2026-08-13 17:49:53.805997,person,0.29
2026-08-13 17:49:53.808012,car,0.28
2026-08-13 17:49:53.808012,car,0.27
2026-08-13 17:49:54.049705,bus,0.78
2026-08-13 17:49:54.049705,car,0.63
2026-08-13 17:49:54.049705,car,0.6
2026-08-13 17:49:54.051822,car,0.57
2026-08-13 17:49:54.051822,bus,0.57
2026-08-13 17:49:54.051822,bus,0.51
2026-08-13 17:49:54.051822,bus,0.48
2026-08-13 17:49:54.051822,car,0.48
2026-08-13 17:49:54.051822,car,0.45
2026-08-13 17:49:54.051822,car,0.43
2026-08-13 17:49:54.051822,car,0.42
2026-08-13 17:49:54.051822,car,0.39
2026-08-13 17:49:54.051822,car,0.37
2026-08-13 17:49:54.051822,bus,0.36
2026-08-13 17:49:54.051822,bus,0.35
2026-08-13 17:49:54.051822,car,0.34
2026-08-13 17:49:54.051822,bus,0.34
2026-08-13 17:49:54.053829,motorcycle,0.34
2026-08-13 17:49:54.053829,bus,0.33
2026-08-13 17:49:54.053829,car,0.32
2026-08-13 17:49:54.053829,person,0.3
2026-08-13 17:49:54.053829,car,0.3
2026-08-13 17:49:54.053829,car,0.29
2026-08-13 17:49:54.053829,bus,0.28
2026-08-13 17:49:54.053829,car,0.28
2026-08-13 17:49:54.162900,bus,0.8
2026-08-13 17:49:54.162900,car,0.62
2026-08-13 17:49:54.162900,car,0.61
2026-08-13 17:49:54.162900,bus,0.55
2026-08-13 17:49:54.162900,car,0.55
2026-08-13 17:49:54.162900,bus,0.51
2026-08-13 17:49:54.162900,car,0.47
2026-08-13 17:49:54.162900,car,0.45
2026-08-13 17:49:54.162900,bus,0.43
2026-08-13 17:49:54.162900,car,0.43
2026-08-13 17:49:54.162900,car,0.39
2026-08-13 17:49:54.164909,bus,0.38
2026-08-13 17:49:54.164909,bus,0.37
2026-08-13 17:49:54.164909,car,0.37
2026-08-13 17:49:54.164909,car,0.35
2026-08-13 17:49:54.164909,bus,0.35
2026-08-13 17:49:54.164909,bus,0.34
2026-08-13 17:49:54.164909,person,0.34
2026-08-13 17:49:54.164909,car,0.31
2026-08-13 17:49:54.164909,motorcycle,0.31
2026-08-13 17:49:54.164909,truck,0.31
2026-08-13 17:49:54.164909,car,0.29
2026-08-13 17:49:54.164909,car,0.29
2026-08-13 17:49:54.164909,car,0.28
2026-08-13 17:49:54.164909,car,0.27
2026-08-13 17:49:54.299050,bus,0.79
2026-08-13 17:49:54.299050,car,0.61
2026-08-13 17:49:54.299050,car,0.61
2026-08-13 17:49:54.299050,bus,0.55
2026-08-13 17:49:54.299050,car,0.55
2026-08-13 17:49:54.299050,bus,0.51
2026-08-13 17:49:54.299050,car,0.48
2026-08-13 17:49:54.299050,car,0.44
2026-08-13 17:49:54.299050,bus,0.44
2026-08-13 17:49:54.299050,car,0.43
2026-08-13 17:49:54.299050,car,0.39
2026-08-13 17:49:54.299050,car,0.38
2026-08-13 17:49:54.299050,bus,0.38
2026-08-13 17:49:54.299050,bus,0.37
2026-08-13 17:49:54.299050,car,0.35
2026-08-13 17:49:54.299050,bus,0.35
2026-08-13 17:49:54.299050,bus,0.34
2026-08-13 17:49:54.299050,person,0.34
2026-08-13 17:49:54.299050,car,0.31
2026-08-13 17:49:54.299050,truck,0.31
2026-08-13 17:49:54.299050,motorcycle,0.31
2026-08-13 17:49:54.299050,car,0.3
2026-08-13 17:49:54.299050,car,0.29
2026-08-13 17:49:54.299050,car,0.28
2026-08-13 17:49:54.428022,bus,0.79
2026-08-13 17:49:54.428022,car,0.63
2026-08-13 17:49:54.428022,car,0.6
2026-08-13 17:49:54.428022,car,0.57
2026-08-13 17:49:54.428022,bus,0.55
2026-08-13 17:49:54.428022,bus,0.5
2026-08-13 17:49:54.429028,car,0.49
2026-08-13 17:49:54.429028,bus,0.46
2026-08-13 17:49:54.429028,car,0.46
2026-08-13 17:49:54.429028,car,0.44
2026-08-13 17:49:54.429028,car,0.4
2026-08-13 17:49:54.429028,bus,0.39
2026-08-13 17:49:54.429028,bus,0.37
2026-08-13 17:49:54.429028,car,0.36
2026-08-13 17:49:54.429028,bus,0.36
2026-08-13 17:49:54.429028,car,0.35
2026-08-13 17:49:54.429028,person,0.35
2026-08-13 17:49:54.429028,bus,0.34
2026-08-13 17:49:54.429028,motorcycle,0.33
2026-08-13 17:49:54.429028,truck,0.31
2026-08-13 17:49:54.429028,car,0.31
2026-08-13 17:49:54.429028,car,0.3
2026-08-13 17:49:54.429028,car,0.3
2026-08-13 17:49:54.429028,car,0.28
2026-08-13 17:49:54.429028,car,0.26
2026-08-13 17:49:54.562016,bus,0.82
2026-08-13 17:49:54.562016,car,0.63
2026-08-13 17:49:54.562016,car,0.59
2026-08-13 17:49:54.562016,bus,0.58
2026-08-13 17:49:54.562016,car,0.56
2026-08-13 17:49:54.562016,bus,0.49
2026-08-13 17:49:54.562016,car,0.46
2026-08-13 17:49:54.562016,car,0.44
2026-08-13 17:49:54.562016,car,0.43
2026-08-13 17:49:54.562016,bus,0.42
2026-08-13 17:49:54.562016,bus,0.39
2026-08-13 17:49:54.562016,car,0.39
2026-08-13 17:49:54.562016,car,0.39
2026-08-13 17:49:54.562016,person,0.38
2026-08-13 17:49:54.562016,bus,0.37
2026-08-13 17:49:54.562016,car,0.37
2026-08-13 17:49:54.562016,bus,0.36
2026-08-13 17:49:54.562016,bus,0.35
2026-08-13 17:49:54.562016,motorcycle,0.33
2026-08-13 17:49:54.562016,truck,0.32
2026-08-13 17:49:54.562016,car,0.31
2026-08-13 17:49:54.562016,car,0.28
2026-08-13 17:49:54.562016,car,0.28
2026-08-13 17:49:54.562016,car,0.27
2026-08-13 17:49:54.562016,car,0.26
2026-08-13 17:49:54.697043,bus,0.83
2026-08-13 17:49:54.697043,car,0.63
2026-08-13 17:49:54.697043,car,0.58
2026-08-13 17:49:54.697043,bus,0.58
2026-08-13 17:49:54.697043,car,0.57
2026-08-13 17:49:54.697043,bus,0.51
2026-08-13 17:49:54.697043,car,0.45
2026-08-13 17:49:54.697043,car,0.44
2026-08-13 17:49:54.697043,bus,0.43
2026-08-13 17:49:54.697043,car,0.42
2026-08-13 17:49:54.697043,bus,0.4
2026-08-13 17:49:54.699048,car,0.39
2026-08-13 17:49:54.699048,car,0.39
2026-08-13 17:49:54.699048,person,0.38
2026-08-13 17:49:54.699048,car,0.37
2026-08-13 17:49:54.699048,bus,0.36
2026-08-13 17:49:54.699048,bus,0.36
2026-08-13 17:49:54.699048,bus,0.35
2026-08-13 17:49:54.699048,motorcycle,0.31
2026-08-13 17:49:54.699048,truck,0.31
2026-08-13 17:49:54.699048,car,0.31
2026-08-13 17:49:54.699048,car,0.28
2026-08-13 17:49:54.699048,car,0.28
2026-08-13 17:49:54.699048,car,0.28
2026-08-13 17:49:54.699048,car,0.27
2026-08-13 17:49:54.826742,bus,0.82
2026-08-13 17:49:54.826742,car,0.63
2026-08-13 17:49:54.826742,car,0.58
2026-08-13 17:49:54.826742,bus,0.57
2026-08-13 17:49:54.826742,car,0.56
2026-08-13 17:49:54.828863,bus,0.51
2026-08-13 17:49:54.828863,bus,0.47
2026-08-13 17:49:54.828863,car,0.47
2026-08-13 17:49:54.828863,car,0.45
2026-08-13 17:49:54.828863,car,0.43
2026-08-13 17:49:54.828863,car,0.4
2026-08-13 17:49:54.828863,car,0.4
2026-08-13 17:49:54.828863,bus,0.39
2026-08-13 17:49:54.828863,car,0.38
2026-08-13 17:49:54.828863,person,0.37
2026-08-13 17:49:54.828863,bus,0.36
2026-08-13 17:49:54.828863,bus,0.36
2026-08-13 17:49:54.828863,bus,0.35
2026-08-13 17:49:54.828863,car,0.32
2026-08-13 17:49:54.828863,motorcycle,0.32
2026-08-13 17:49:54.828863,truck,0.3
2026-08-13 17:49:54.828863,car,0.3
2026-08-13 17:49:54.828863,car,0.29
2026-08-13 17:49:54.828863,car,0.29
2026-08-13 17:49:54.828863,car,0.28
2026-08-13 17:49:54.828863,person,0.28
2026-08-13 17:49:54.971192,bus,0.82
2026-08-13 17:49:54.971192,car,0.63
2026-08-13 17:49:54.971192,car,0.58
2026-08-13 17:49:54.971192,car,0.57
2026-08-13 17:49:54.971192,bus,0.57
2026-08-13 17:49:54.971192,bus,0.52
2026-08-13 17:49:54.971192,bus,0.49
2026-08-13 17:49:54.971192,car,0.44
2026-08-13 17:49:54.971192,bus,0.44
2026-08-13 17:49:54.971192,car,0.43
2026-08-13 17:49:54.971192,car,0.43
2026-08-13 17:49:54.973197,car,0.4
2026-08-13 17:49:54.973197,car,0.39
2026-08-13 17:49:54.973197,car,0.37
2026-08-13 17:49:54.973197,bus,0.36
2026-08-13 17:49:54.973197,bus,0.36
2026-08-13 17:49:54.973197,bus,0.36
2026-08-13 17:49:54.973197,person,0.33
2026-08-13 17:49:54.973197,car,0.33
2026-08-13 17:49:54.973197,motorcycle,0.33
2026-08-13 17:49:54.973197,car,0.33
2026-08-13 17:49:54.973197,car,0.29
2026-08-13 17:49:54.973197,car,0.28
2026-08-13 17:49:54.973197,car,0.26
2026-08-13 17:49:55.486258,bus,0.82
2026-08-13 17:49:55.487809,car,0.62
2026-08-13 17:49:55.487809,car,0.58
2026-08-13 17:49:55.488827,bus,0.57
2026-08-13 17:49:55.488827,car,0.57
2026-08-13 17:49:55.488827,bus,0.52
2026-08-13 17:49:55.488827,bus,0.48
2026-08-13 17:49:55.488827,bus,0.45
2026-08-13 17:49:55.488827,car,0.44
2026-08-13 17:49:55.490907,car,0.43
2026-08-13 17:49:55.490907,car,0.43
2026-08-13 17:49:55.490907,car,0.39
2026-08-13 17:49:55.490907,car,0.39
2026-08-13 17:49:55.490907,car,0.38
2026-08-13 17:49:55.490907,bus,0.38
2026-08-13 17:49:55.490907,bus,0.37
2026-08-13 17:49:55.490907,bus,0.36
2026-08-13 17:49:55.490907,motorcycle,0.33
2026-08-13 17:49:55.492919,person,0.33
2026-08-13 17:49:55.492919,car,0.33
2026-08-13 17:49:55.492919,car,0.31
2026-08-13 17:49:55.492919,truck,0.3
2026-08-13 17:49:55.492919,car,0.29
2026-08-13 17:49:55.492919,car,0.28
2026-08-13 17:49:55.492919,car,0.27
2026-08-13 17:49:55.492919,car,0.27
2026-08-13 17:49:55.660856,bus,0.82
2026-08-13 17:49:55.660856,car,0.63
2026-08-13 17:49:55.660856,car,0.59
2026-08-13 17:49:55.660856,car,0.58
2026-08-13 17:49:55.660856,bus,0.55
2026-08-13 17:49:55.660856,bus,0.52
2026-08-13 17:49:55.660856,car,0.49
2026-08-13 17:49:55.660856,bus,0.48
2026-08-13 17:49:55.660856,car,0.45
2026-08-13 17:49:55.660856,car,0.43
2026-08-13 17:49:55.660856,bus,0.43
2026-08-13 17:49:55.660856,car,0.39
2026-08-13 17:49:55.660856,car,0.38
2026-08-13 17:49:55.660856,car,0.37
2026-08-13 17:49:55.660856,bus,0.35
2026-08-13 17:49:55.660856,bus,0.35
2026-08-13 17:49:55.660856,bus,0.35
2026-08-13 17:49:55.660856,car,0.34
2026-08-13 17:49:55.660856,motorcycle,0.34
2026-08-13 17:49:55.660856,car,0.33
2026-08-13 17:49:55.660856,person,0.31
2026-08-13 17:49:55.660856,car,0.31
2026-08-13 17:49:55.660856,truck,0.3
2026-08-13 17:49:55.660856,car,0.29
2026-08-13 17:49:55.660856,car,0.29
2026-08-13 17:49:55.662873,car,0.29
2026-08-13 17:49:55.866665,bus,0.81
2026-08-13 17:49:55.869203,car,0.64
2026-08-13 17:49:55.869203,car,0.59
2026-08-13 17:49:55.870404,car,0.58
2026-08-13 17:49:55.870404,bus,0.55
2026-08-13 17:49:55.870404,bus,0.51
2026-08-13 17:49:55.870404,car,0.49
2026-08-13 17:49:55.870404,car,0.46
2026-08-13 17:49:55.870404,car,0.45
2026-08-13 17:49:55.870404,bus,0.41
2026-08-13 17:49:55.872444,car,0.4
2026-08-13 17:49:55.872444,bus,0.4
2026-08-13 17:49:55.872444,car,0.39
2026-08-13 17:49:55.872444,car,0.38
2026-08-13 17:49:55.872444,car,0.35
2026-08-13 17:49:55.872444,bus,0.33
2026-08-13 17:49:55.872444,bus,0.33
2026-08-13 17:49:55.872444,person,0.33
2026-08-13 17:49:55.872444,bus,0.31
2026-08-13 17:49:55.874463,motorcycle,0.31
2026-08-13 17:49:55.874463,car,0.31
2026-08-13 17:49:55.874463,car,0.31
2026-08-13 17:49:55.874463,car,0.3
2026-08-13 17:49:55.875975,person,0.29
2026-08-13 17:49:55.875975,car,0.29
2026-08-13 17:49:55.875975,car,0.25
2026-08-13 17:49:56.140984,bus,0.8
2026-08-13 17:49:56.140984,car,0.65
2026-08-13 17:49:56.140984,car,0.59
2026-08-13 17:49:56.140984,car,0.58
2026-08-13 17:49:56.140984,bus,0.55
2026-08-13 17:49:56.140984,bus,0.52
2026-08-13 17:49:56.142993,car,0.51
2026-08-13 17:49:56.142993,car,0.44
2026-08-13 17:49:56.142993,car,0.44
2026-08-13 17:49:56.142993,bus,0.42
2026-08-13 17:49:56.142993,bus,0.4
2026-08-13 17:49:56.142993,car,0.39
2026-08-13 17:49:56.142993,car,0.39
2026-08-13 17:49:56.142993,car,0.38
2026-08-13 17:49:56.142993,car,0.36
2026-08-13 17:49:56.142993,person,0.35
2026-08-13 17:49:56.142993,bus,0.35
2026-08-13 17:49:56.142993,car,0.34
2026-08-13 17:49:56.142993,person,0.34
2026-08-13 17:49:56.142993,motorcycle,0.33
2026-08-13 17:49:56.142993,bus,0.33
2026-08-13 17:49:56.142993,bus,0.32
2026-08-13 17:49:56.142993,car,0.29
2026-08-13 17:49:56.142993,car,0.29
2026-08-13 17:49:56.142993,car,0.28
2026-08-13 17:49:56.142993,car,0.27
2026-08-13 17:49:56.382960,bus,0.79
2026-08-13 17:49:56.384968,car,0.64
2026-08-13 17:49:56.384968,car,0.6
2026-08-13 17:49:56.384968,car,0.58
2026-08-13 17:49:56.385976,car,0.57
2026-08-13 17:49:56.385976,bus,0.55
2026-08-13 17:49:56.385976,bus,0.51
2026-08-13 17:49:56.385976,car,0.45
2026-08-13 17:49:56.385976,car,0.44
2026-08-13 17:49:56.385976,bus,0.41
2026-08-13 17:49:56.385976,car,0.4
2026-08-13 17:49:56.385976,bus,0.4
2026-08-13 17:49:56.387987,car,0.39
2026-08-13 17:49:56.387987,car,0.37
2026-08-13 17:49:56.387987,bus,0.36
2026-08-13 17:49:56.387987,car,0.35
2026-08-13 17:49:56.388994,motorcycle,0.35
2026-08-13 17:49:56.388994,person,0.34
2026-08-13 17:49:56.388994,bus,0.34
2026-08-13 17:49:56.388994,car,0.32
2026-08-13 17:49:56.388994,bus,0.32
2026-08-13 17:49:56.388994,car,0.32
2026-08-13 17:49:56.388994,car,0.3
2026-08-13 17:49:56.388994,car,0.29
2026-08-13 17:49:56.391203,car,0.29
2026-08-13 17:49:56.391203,person,0.27
2026-08-13 17:49:56.391203,motorcycle,0.26
2026-08-13 17:49:56.391203,truck,0.25
2026-08-13 17:49:56.622937,bus,0.77
2026-08-13 17:49:56.622937,car,0.64
2026-08-13 17:49:56.624948,car,0.61
2026-08-13 17:49:56.624948,car,0.57
2026-08-13 17:49:56.625958,car,0.57
2026-08-13 17:49:56.625958,bus,0.54
2026-08-13 17:49:56.625958,bus,0.5
2026-08-13 17:49:56.625958,car,0.46
2026-08-13 17:49:56.625958,car,0.44
2026-08-13 17:49:56.625958,car,0.43
2026-08-13 17:49:56.625958,bus,0.41
2026-08-13 17:49:56.627985,car,0.38
2026-08-13 17:49:56.627985,car,0.38
2026-08-13 17:49:56.627985,bus,0.37
2026-08-13 17:49:56.629103,car,0.36
2026-08-13 17:49:56.629103,bus,0.34
2026-08-13 17:49:56.629103,car,0.34
2026-08-13 17:49:56.629103,motorcycle,0.33
2026-08-13 17:49:56.629103,car,0.33
2026-08-13 17:49:56.629103,bus,0.32
2026-08-13 17:49:56.629103,car,0.32
2026-08-13 17:49:56.629103,car,0.32
2026-08-13 17:49:56.631166,bus,0.31
2026-08-13 17:49:56.631166,person,0.3
2026-08-13 17:49:56.631650,car,0.29
2026-08-13 17:49:56.631650,motorcycle,0.25
2026-08-13 17:49:56.798850,bus,0.77
2026-08-13 17:49:56.798850,car,0.63
2026-08-13 17:49:56.798850,car,0.6
2026-08-13 17:49:56.798850,car,0.59
2026-08-13 17:49:56.798850,car,0.57
2026-08-13 17:49:56.798850,bus,0.53
2026-08-13 17:49:56.798850,bus,0.51
2026-08-13 17:49:56.800897,car,0.45
2026-08-13 17:49:56.800897,car,0.42
2026-08-13 17:49:56.800897,bus,0.41
2026-08-13 17:49:56.800897,car,0.4
2026-08-13 17:49:56.800897,bus,0.4
2026-08-13 17:49:56.800897,car,0.39
2026-08-13 17:49:56.800897,car,0.38
2026-08-13 17:49:56.800897,bus,0.37
2026-08-13 17:49:56.800897,car,0.37
2026-08-13 17:49:56.800897,motorcycle,0.34
2026-08-13 17:49:56.800897,car,0.34
2026-08-13 17:49:56.800897,car,0.34
2026-08-13 17:49:56.802925,bus,0.33
2026-08-13 17:49:56.802925,car,0.31
2026-08-13 17:49:56.802925,car,0.31
2026-08-13 17:49:56.802925,truck,0.31
2026-08-13 17:49:56.802925,car,0.3
2026-08-13 17:49:56.802925,bus,0.3
2026-08-13 17:49:56.802925,person,0.27
2026-08-13 17:49:56.802925,motorcycle,0.26
2026-08-13 17:49:56.953149,bus,0.78
2026-08-13 17:49:56.953149,car,0.63
2026-08-13 17:49:56.953149,car,0.61
2026-08-13 17:49:56.953149,car,0.59
2026-08-13 17:49:56.954151,car,0.58
2026-08-13 17:49:56.954151,bus,0.53
2026-08-13 17:49:56.954151,bus,0.5
2026-08-13 17:49:56.954151,car,0.46
2026-08-13 17:49:56.954151,car,0.45
2026-08-13 17:49:56.954151,bus,0.41
2026-08-13 17:49:56.955149,car,0.41
2026-08-13 17:49:56.955149,bus,0.39
2026-08-13 17:49:56.955149,car,0.39
2026-08-13 17:49:56.955149,car,0.38
2026-08-13 17:49:56.955149,car,0.36
2026-08-13 17:49:56.955149,car,0.36
2026-08-13 17:49:56.956157,car,0.35
2026-08-13 17:49:56.956157,car,0.35
2026-08-13 17:49:56.956157,bus,0.34
2026-08-13 17:49:56.956157,motorcycle,0.34
2026-08-13 17:49:56.956157,bus,0.32
2026-08-13 17:49:56.957160,car,0.32
2026-08-13 17:49:56.957160,car,0.31
2026-08-13 17:49:56.957160,bus,0.3
2026-08-13 17:49:56.957160,car,0.3
2026-08-13 17:49:56.957160,motorcycle,0.27
2026-08-13 17:49:57.099176,bus,0.78
2026-08-13 17:49:57.099176,car,0.64
2026-08-13 17:49:57.099176,car,0.61
2026-08-13 17:49:57.099176,car,0.58
2026-08-13 17:49:57.099176,car,0.54
2026-08-13 17:49:57.099176,bus,0.54
2026-08-13 17:49:57.099176,bus,0.51
2026-08-13 17:49:57.099176,car,0.46
2026-08-13 17:49:57.099176,car,0.46
2026-08-13 17:49:57.099176,car,0.41
2026-08-13 17:49:57.099176,car,0.41
2026-08-13 17:49:57.099176,car,0.38
2026-08-13 17:49:57.099176,bus,0.38
2026-08-13 17:49:57.106068,car,0.35
2026-08-13 17:49:57.106068,car,0.35
2026-08-13 17:49:57.106068,car,0.35
2026-08-13 17:49:57.106068,bus,0.34
2026-08-13 17:49:57.106068,car,0.33
2026-08-13 17:49:57.106068,motorcycle,0.33
2026-08-13 17:49:57.106068,bus,0.31
2026-08-13 17:49:57.106068,car,0.31
2026-08-13 17:49:57.106068,bus,0.31
2026-08-13 17:49:57.106068,bus,0.31
2026-08-13 17:49:57.107826,car,0.31
2026-08-13 17:49:57.107826,motorcycle,0.27
2026-08-13 17:49:57.250420,bus,0.79
2026-08-13 17:49:57.250420,car,0.64
2026-08-13 17:49:57.250420,car,0.61
2026-08-13 17:49:57.250420,car,0.58
2026-08-13 17:49:57.250420,bus,0.54
2026-08-13 17:49:57.250420,car,0.53
2026-08-13 17:49:57.250420,bus,0.5
2026-08-13 17:49:57.250420,car,0.44
2026-08-13 17:49:57.252429,bus,0.42
2026-08-13 17:49:57.252429,car,0.41
2026-08-13 17:49:57.252429,car,0.41
2026-08-13 17:49:57.252429,bus,0.39
2026-08-13 17:49:57.252429,car,0.38
2026-08-13 17:49:57.252429,car,0.38
2026-08-13 17:49:57.252429,car,0.37
2026-08-13 17:49:57.252429,bus,0.36
2026-08-13 17:49:57.252429,car,0.36
2026-08-13 17:49:57.252429,motorcycle,0.33
2026-08-13 17:49:57.252429,car,0.33
2026-08-13 17:49:57.252429,car,0.33
2026-08-13 17:49:57.252429,bus,0.32
2026-08-13 17:49:57.254435,car,0.32
2026-08-13 17:49:57.254435,car,0.31
2026-08-13 17:49:57.254435,bus,0.31
2026-08-13 17:49:57.254435,bus,0.29
2026-08-13 17:49:57.254435,motorcycle,0.27
2026-08-13 17:49:57.393258,bus,0.79
2026-08-13 17:49:57.393258,car,0.65
2026-08-13 17:49:57.393258,car,0.61
2026-08-13 17:49:57.395264,car,0.57
2026-08-13 17:49:57.395264,car,0.54
2026-08-13 17:49:57.395264,bus,0.53
2026-08-13 17:49:57.395264,bus,0.51
2026-08-13 17:49:57.395264,car,0.47
2026-08-13 17:49:57.395264,bus,0.44
2026-08-13 17:49:57.395264,car,0.44
2026-08-13 17:49:57.395264,car,0.42
2026-08-13 17:49:57.395264,car,0.39
2026-08-13 17:49:57.395264,car,0.39
2026-08-13 17:49:57.395264,car,0.38
2026-08-13 17:49:57.395264,car,0.36
2026-08-13 17:49:57.397269,bus,0.36
2026-08-13 17:49:57.397269,bus,0.35
2026-08-13 17:49:57.397269,car,0.34
2026-08-13 17:49:57.397269,motorcycle,0.33
2026-08-13 17:49:57.397269,car,0.32
2026-08-13 17:49:57.397269,car,0.32
2026-08-13 17:49:57.398275,car,0.32
2026-08-13 17:49:57.398275,bus,0.32
2026-08-13 17:49:57.398275,car,0.32
2026-08-13 17:49:57.398798,bus,0.31
2026-08-13 17:49:57.398798,motorcycle,0.26
2026-08-13 17:49:57.398798,bus,0.25
2026-08-13 17:49:57.556180,bus,0.78
2026-08-13 17:49:57.556180,car,0.65
2026-08-13 17:49:57.556180,car,0.61
2026-08-13 17:49:57.558186,bus,0.58
2026-08-13 17:49:57.558186,bus,0.54
2026-08-13 17:49:57.558186,car,0.53
2026-08-13 17:49:57.558711,car,0.5
2026-08-13 17:49:57.558711,bus,0.45
2026-08-13 17:49:57.558711,car,0.42
2026-08-13 17:49:57.558711,car,0.41
2026-08-13 17:49:57.558711,car,0.41
2026-08-13 17:49:57.558711,car,0.41
2026-08-13 17:49:57.558711,car,0.4
2026-08-13 17:49:57.558711,bus,0.4
2026-08-13 17:49:57.558711,car,0.38
2026-08-13 17:49:57.558711,car,0.37
2026-08-13 17:49:57.558711,bus,0.36
2026-08-13 17:49:57.558711,car,0.33
2026-08-13 17:49:57.560773,bus,0.3
2026-08-13 17:49:57.560773,car,0.3
2026-08-13 17:49:57.560773,car,0.29
2026-08-13 17:49:57.560773,car,0.29
2026-08-13 17:49:57.560773,bus,0.28
2026-08-13 17:49:57.560773,motorcycle,0.27
2026-08-13 17:49:57.704311,bus,0.76
2026-08-13 17:49:57.704311,car,0.65
2026-08-13 17:49:57.704311,bus,0.6
2026-08-13 17:49:57.705942,car,0.57
2026-08-13 17:49:57.705942,car,0.54
2026-08-13 17:49:57.705942,car,0.52
2026-08-13 17:49:57.705942,bus,0.5
2026-08-13 17:49:57.705942,bus,0.48
2026-08-13 17:49:57.705942,car,0.44
2026-08-13 17:49:57.705942,car,0.44
2026-08-13 17:49:57.705942,car,0.44
2026-08-13 17:49:57.705942,car,0.44
2026-08-13 17:49:57.705942,car,0.42
2026-08-13 17:49:57.705942,car,0.4
2026-08-13 17:49:57.705942,bus,0.39
2026-08-13 17:49:57.707952,bus,0.39
2026-08-13 17:49:57.707952,car,0.36
2026-08-13 17:49:57.707952,bus,0.34
2026-08-13 17:49:57.707952,bus,0.31
2026-08-13 17:49:57.707952,car,0.3
2026-08-13 17:49:57.707952,car,0.29
2026-08-13 17:49:57.708958,motorcycle,0.26
2026-08-13 17:49:57.833931,bus,0.71
2026-08-13 17:49:57.835937,car,0.64
2026-08-13 17:49:57.835937,bus,0.64
2026-08-13 17:49:57.835937,bus,0.57
2026-08-13 17:49:57.835937,car,0.54
2026-08-13 17:49:57.835937,car,0.52
2026-08-13 17:49:57.835937,car,0.51
2026-08-13 17:49:57.835937,bus,0.47
2026-08-13 17:49:57.835937,bus,0.44
2026-08-13 17:49:57.835937,car,0.44
2026-08-13 17:49:57.835937,car,0.42
2026-08-13 17:49:57.835937,car,0.4
2026-08-13 17:49:57.835937,car,0.4
2026-08-13 17:49:57.835937,car,0.39
2026-08-13 17:49:57.835937,bus,0.37
2026-08-13 17:49:57.835937,bus,0.36
2026-08-13 17:49:57.835937,car,0.36
2026-08-13 17:49:57.835937,car,0.35
2026-08-13 17:49:57.835937,car,0.33
2026-08-13 17:49:57.835937,bus,0.33
2026-08-13 17:49:57.835937,car,0.32
2026-08-13 17:49:57.835937,bus,0.31
2026-08-13 17:49:57.835937,car,0.27
2026-08-13 17:49:57.835937,motorcycle,0.25
2026-08-13 17:49:58.023163,bus,0.74
2026-08-13 17:49:58.023163,bus,0.7
2026-08-13 17:49:58.023163,car,0.65
2026-08-13 17:49:58.023163,car,0.56
2026-08-13 17:49:58.025173,bus,0.55
2026-08-13 17:49:58.025173,car,0.52
2026-08-13 17:49:58.025173,bus,0.51
2026-08-13 17:49:58.025173,bus,0.42
2026-08-13 17:49:58.025173,car,0.42
2026-08-13 17:49:58.025173,car,0.41
2026-08-13 17:49:58.025173,car,0.41
2026-08-13 17:49:58.025173,bus,0.4
2026-08-13 17:49:58.025173,car,0.38
2026-08-13 17:49:58.025173,bus,0.38
2026-08-13 17:49:58.025173,car,0.37
2026-08-13 17:49:58.025173,car,0.37
2026-08-13 17:49:58.025173,car,0.37
2026-08-13 17:49:58.025173,car,0.33
2026-08-13 17:49:58.025173,car,0.31
2026-08-13 17:49:58.025173,car,0.29
2026-08-13 17:49:58.025173,bus,0.28
2026-08-13 17:49:58.025173,motorcycle,0.27
2026-08-13 17:49:58.288970,bus,0.76
2026-08-13 17:49:58.288970,bus,0.7
2026-08-13 17:49:58.288970,car,0.64
2026-08-13 17:49:58.288970,bus,0.56
2026-08-13 17:49:58.288970,bus,0.53
2026-08-13 17:49:58.288970,car,0.51
2026-08-13 17:49:58.292860,car,0.51
2026-08-13 17:49:58.292860,bus,0.43
2026-08-13 17:49:58.292860,bus,0.42
2026-08-13 17:49:58.292860,car,0.39
2026-08-13 17:49:58.292860,car,0.39
2026-08-13 17:49:58.293969,car,0.38
2026-08-13 17:49:58.293969,car,0.37
2026-08-13 17:49:58.293969,bus,0.37
2026-08-13 17:49:58.293969,car,0.36
2026-08-13 17:49:58.294873,car,0.35
2026-08-13 17:49:58.294873,car,0.33
2026-08-13 17:49:58.294873,car,0.32
2026-08-13 17:49:58.294873,car,0.31
2026-08-13 17:49:58.295873,car,0.31
2026-08-13 17:49:58.295873,bus,0.3
2026-08-13 17:49:58.295873,motorcycle,0.26
2026-08-13 17:49:58.614481,bus,0.77
2026-08-13 17:49:58.614481,bus,0.71
2026-08-13 17:49:58.615998,car,0.63
2026-08-13 17:49:58.615998,bus,0.58
2026-08-13 17:49:58.615998,car,0.5
2026-08-13 17:49:58.615998,bus,0.5
2026-08-13 17:49:58.615998,car,0.48
2026-08-13 17:49:58.615998,car,0.43
2026-08-13 17:49:58.615998,car,0.43
2026-08-13 17:49:58.618038,car,0.42
2026-08-13 17:49:58.618038,bus,0.42
2026-08-13 17:49:58.618038,bus,0.41
2026-08-13 17:49:58.618038,car,0.38
2026-08-13 17:49:58.619050,car,0.36
2026-08-13 17:49:58.619050,car,0.36
2026-08-13 17:49:58.619050,car,0.35
2026-08-13 17:49:58.619836,car,0.34
2026-08-13 17:49:58.619836,car,0.34
2026-08-13 17:49:58.619836,bus,0.32
2026-08-13 17:49:58.619836,bus,0.31
2026-08-13 17:49:58.619836,car,0.26
2026-08-13 17:49:58.938776,bus,0.78
2026-08-13 17:49:58.940870,bus,0.71
2026-08-13 17:49:58.941383,car,0.6
2026-08-13 17:49:58.942148,bus,0.58
2026-08-13 17:49:58.942148,car,0.52
2026-08-13 17:49:58.942148,bus,0.52
2026-08-13 17:49:58.943459,bus,0.5
2026-08-13 17:49:58.943459,car,0.46
2026-08-13 17:49:58.943459,bus,0.44
2026-08-13 17:49:58.943459,car,0.42
2026-08-13 17:49:58.943459,car,0.42
2026-08-13 17:49:58.944896,car,0.38
2026-08-13 17:49:58.945408,car,0.38
2026-08-13 17:49:58.945408,car,0.37
2026-08-13 17:49:58.945408,car,0.36
2026-08-13 17:49:58.945408,car,0.34
2026-08-13 17:49:58.945408,car,0.32
2026-08-13 17:49:58.945408,car,0.31
2026-08-13 17:49:58.945408,bus,0.31
2026-08-13 17:49:58.948813,bus,0.27
2026-08-13 17:49:58.948813,car,0.27
2026-08-13 17:49:58.948813,person,0.26
2026-08-13 17:49:59.171294,bus,0.76
2026-08-13 17:49:59.171294,bus,0.73
2026-08-13 17:49:59.171294,car,0.6
2026-08-13 17:49:59.171294,bus,0.56
2026-08-13 17:49:59.171294,bus,0.53
2026-08-13 17:49:59.171294,car,0.52
2026-08-13 17:49:59.171294,bus,0.52
2026-08-13 17:49:59.171294,car,0.51
2026-08-13 17:49:59.171294,bus,0.47
2026-08-13 17:49:59.171294,car,0.41
2026-08-13 17:49:59.171294,car,0.41
2026-08-13 17:49:59.171294,car,0.4
2026-08-13 17:49:59.171294,car,0.39
2026-08-13 17:49:59.171294,car,0.39
2026-08-13 17:49:59.171294,car,0.38
2026-08-13 17:49:59.171294,car,0.34
2026-08-13 17:49:59.175917,car,0.33
2026-08-13 17:49:59.175917,car,0.31
2026-08-13 17:49:59.175917,car,0.29
2026-08-13 17:49:59.175917,bus,0.28
2026-08-13 17:49:59.175917,bus,0.28
2026-08-13 17:49:59.175917,motorcycle,0.25
2026-08-13 17:49:59.421177,bus,0.76
2026-08-13 17:49:59.422185,bus,0.73
2026-08-13 17:49:59.422185,car,0.6
2026-08-13 17:49:59.422185,bus,0.56
2026-08-13 17:49:59.423190,bus,0.53
2026-08-13 17:49:59.423190,car,0.52
2026-08-13 17:49:59.423190,bus,0.52
2026-08-13 17:49:59.423190,car,0.51
2026-08-13 17:49:59.424184,bus,0.47
2026-08-13 17:49:59.424184,car,0.41
2026-08-13 17:49:59.424184,car,0.41
2026-08-13 17:49:59.425185,car,0.4
2026-08-13 17:49:59.425185,car,0.39
2026-08-13 17:49:59.425185,car,0.39
2026-08-13 17:49:59.426192,car,0.38
2026-08-13 17:49:59.426644,car,0.34
2026-08-13 17:49:59.426644,car,0.33
2026-08-13 17:49:59.426644,car,0.31
2026-08-13 17:49:59.426644,car,0.29
2026-08-13 17:49:59.427642,bus,0.28
2026-08-13 17:49:59.427642,bus,0.28
2026-08-13 17:49:59.427642,motorcycle,0.25
2026-08-13 17:49:59.619290,bus,0.75
2026-08-13 17:49:59.619290,bus,0.72
2026-08-13 17:49:59.619290,car,0.59
2026-08-13 17:49:59.619290,bus,0.57
2026-08-13 17:49:59.619290,bus,0.53
2026-08-13 17:49:59.619290,bus,0.53
2026-08-13 17:49:59.619290,car,0.52
2026-08-13 17:49:59.619290,car,0.51
2026-08-13 17:49:59.619290,bus,0.47
2026-08-13 17:49:59.619290,car,0.41
2026-08-13 17:49:59.619290,car,0.4
2026-08-13 17:49:59.621334,car,0.4
2026-08-13 17:49:59.621334,car,0.39
2026-08-13 17:49:59.621334,car,0.38
2026-08-13 17:49:59.621334,car,0.38
2026-08-13 17:49:59.621334,car,0.34
2026-08-13 17:49:59.621334,car,0.32
2026-08-13 17:49:59.621839,car,0.3
2026-08-13 17:49:59.621839,car,0.29
2026-08-13 17:49:59.621839,bus,0.29
2026-08-13 17:49:59.621839,bus,0.28
2026-08-13 17:49:59.765221,bus,0.75
2026-08-13 17:49:59.765221,bus,0.72
2026-08-13 17:49:59.765221,car,0.59
2026-08-13 17:49:59.765221,bus,0.57
2026-08-13 17:49:59.765221,bus,0.53
2026-08-13 17:49:59.765221,bus,0.52
2026-08-13 17:49:59.765221,car,0.52
2026-08-13 17:49:59.765221,car,0.5
2026-08-13 17:49:59.765221,bus,0.47
2026-08-13 17:49:59.765221,car,0.41
2026-08-13 17:49:59.765221,car,0.4
2026-08-13 17:49:59.765221,car,0.4
2026-08-13 17:49:59.765221,car,0.39
2026-08-13 17:49:59.765221,car,0.38
2026-08-13 17:49:59.765221,car,0.38
2026-08-13 17:49:59.765221,car,0.36
2026-08-13 17:49:59.768765,car,0.32
2026-08-13 17:49:59.768765,car,0.31
2026-08-13 17:49:59.768765,bus,0.29
2026-08-13 17:49:59.768765,car,0.29
2026-08-13 17:49:59.768765,bus,0.28
2026-08-13 17:49:59.902110,bus,0.75
2026-08-13 17:49:59.902110,bus,0.72
2026-08-13 17:49:59.902110,car,0.59
2026-08-13 17:49:59.902110,bus,0.57
2026-08-13 17:49:59.902110,bus,0.53
2026-08-13 17:49:59.902110,bus,0.52
2026-08-13 17:49:59.902110,car,0.52
2026-08-13 17:49:59.904116,car,0.5
2026-08-13 17:49:59.904116,bus,0.47
2026-08-13 17:49:59.904116,car,0.41
2026-08-13 17:49:59.904116,car,0.4
2026-08-13 17:49:59.904116,car,0.4
2026-08-13 17:49:59.904116,car,0.39
2026-08-13 17:49:59.904116,car,0.38
2026-08-13 17:49:59.904116,car,0.38
2026-08-13 17:49:59.904116,car,0.36
2026-08-13 17:49:59.904116,car,0.32
2026-08-13 17:49:59.904116,car,0.31
2026-08-13 17:49:59.904116,bus,0.29
2026-08-13 17:49:59.906132,car,0.29
2026-08-13 17:49:59.906132,bus,0.28
2026-08-13 17:50:00.048695,bus,0.75
2026-08-13 17:50:00.048695,bus,0.72
2026-08-13 17:50:00.048695,car,0.59
2026-08-13 17:50:00.048695,bus,0.57
2026-08-13 17:50:00.048695,bus,0.53
2026-08-13 17:50:00.048695,bus,0.52
2026-08-13 17:50:00.048695,car,0.52
2026-08-13 17:50:00.048695,car,0.5
2026-08-13 17:50:00.048695,bus,0.47
2026-08-13 17:50:00.048695,car,0.41
2026-08-13 17:50:00.048695,car,0.4
2026-08-13 17:50:00.051895,car,0.4
2026-08-13 17:50:00.051895,car,0.39
2026-08-13 17:50:00.051895,car,0.38
2026-08-13 17:50:00.051895,car,0.38
2026-08-13 17:50:00.051895,car,0.36
2026-08-13 17:50:00.051895,car,0.32
2026-08-13 17:50:00.051895,car,0.31
2026-08-13 17:50:00.051895,bus,0.29
2026-08-13 17:50:00.051895,car,0.29
2026-08-13 17:50:00.051895,bus,0.28
2026-08-13 17:50:00.180746,bus,0.75
2026-08-13 17:50:00.180746,bus,0.72
2026-08-13 17:50:00.180746,car,0.59
2026-08-13 17:50:00.184981,bus,0.57
2026-08-13 17:50:00.184981,bus,0.53
2026-08-13 17:50:00.184981,bus,0.52
2026-08-13 17:50:00.184981,car,0.52
2026-08-13 17:50:00.185523,car,0.5
2026-08-13 17:50:00.185523,bus,0.47
2026-08-13 17:50:00.185523,car,0.41
2026-08-13 17:50:00.185523,car,0.4
2026-08-13 17:50:00.185523,car,0.4
2026-08-13 17:50:00.185523,car,0.39
2026-08-13 17:50:00.185523,car,0.38
2026-08-13 17:50:00.185523,car,0.38
2026-08-13 17:50:00.185523,car,0.36
2026-08-13 17:50:00.187064,car,0.32
2026-08-13 17:50:00.187064,car,0.31
2026-08-13 17:50:00.187064,bus,0.29
2026-08-13 17:50:00.187064,car,0.29
2026-08-13 17:50:00.187064,bus,0.28
2026-08-13 17:50:00.317382,bus,0.75
2026-08-13 17:50:00.317382,bus,0.72
2026-08-13 17:50:00.317382,car,0.59
2026-08-13 17:50:00.317382,bus,0.57
2026-08-13 17:50:00.317382,bus,0.53
2026-08-13 17:50:00.317382,bus,0.52
2026-08-13 17:50:00.317382,car,0.52
2026-08-13 17:50:00.318890,car,0.5
2026-08-13 17:50:00.318890,bus,0.47
2026-08-13 17:50:00.318890,car,0.41
2026-08-13 17:50:00.319412,car,0.4
2026-08-13 17:50:00.319412,car,0.4
2026-08-13 17:50:00.319412,car,0.39
2026-08-13 17:50:00.319412,car,0.38
2026-08-13 17:50:00.319412,car,0.38
2026-08-13 17:50:00.319412,car,0.36
2026-08-13 17:50:00.319412,car,0.32
2026-08-13 17:50:00.319412,car,0.31
2026-08-13 17:50:00.319412,bus,0.29
2026-08-13 17:50:00.319412,car,0.29
2026-08-13 17:50:00.319412,bus,0.28
2026-08-13 17:50:00.448710,bus,0.75
2026-08-13 17:50:00.448710,bus,0.72
2026-08-13 17:50:00.448710,car,0.59
2026-08-13 17:50:00.450820,bus,0.57
2026-08-13 17:50:00.450820,bus,0.53
2026-08-13 17:50:00.450820,bus,0.52
2026-08-13 17:50:00.450820,car,0.52
2026-08-13 17:50:00.450820,car,0.51
2026-08-13 17:50:00.451832,bus,0.47
2026-08-13 17:50:00.451832,car,0.41
2026-08-13 17:50:00.451832,car,0.4
2026-08-13 17:50:00.451832,car,0.4
2026-08-13 17:50:00.451832,car,0.39
2026-08-13 17:50:00.451832,car,0.38
2026-08-13 17:50:00.451832,car,0.38
2026-08-13 17:50:00.451832,car,0.37
2026-08-13 17:50:00.451832,car,0.32
2026-08-13 17:50:00.451832,car,0.31
2026-08-13 17:50:00.451832,bus,0.29
2026-08-13 17:50:00.451832,car,0.29
2026-08-13 17:50:00.451832,bus,0.28
2026-08-13 17:50:00.648802,bus,0.75
2026-08-13 17:50:00.648802,bus,0.72
2026-08-13 17:50:00.648802,car,0.59
2026-08-13 17:50:00.648802,bus,0.57
2026-08-13 17:50:00.648802,bus,0.53
2026-08-13 17:50:00.656002,bus,0.52
2026-08-13 17:50:00.656002,car,0.52
2026-08-13 17:50:00.656002,car,0.51
2026-08-13 17:50:00.656002,bus,0.47
2026-08-13 17:50:00.656002,car,0.41
2026-08-13 17:50:00.657522,car,0.4
2026-08-13 17:50:00.657522,car,0.4
2026-08-13 17:50:00.657522,car,0.39
2026-08-13 17:50:00.657522,car,0.38
2026-08-13 17:50:00.657522,car,0.38
2026-08-13 17:50:00.659118,car,0.37
2026-08-13 17:50:00.659118,car,0.32
2026-08-13 17:50:00.659118,car,0.31
2026-08-13 17:50:00.659118,bus,0.29
2026-08-13 17:50:00.659118,car,0.29
2026-08-13 17:50:00.659118,bus,0.28
2026-08-13 17:50:00.829031,bus,0.75
2026-08-13 17:50:00.829031,bus,0.72
2026-08-13 17:50:00.829031,car,0.59
2026-08-13 17:50:00.829031,bus,0.57
2026-08-13 17:50:00.829031,bus,0.53
2026-08-13 17:50:00.829031,bus,0.52
2026-08-13 17:50:00.829031,car,0.52
2026-08-13 17:50:00.829031,car,0.51
2026-08-13 17:50:00.829031,bus,0.47
2026-08-13 17:50:00.831054,car,0.41
2026-08-13 17:50:00.831054,car,0.4
2026-08-13 17:50:00.831054,car,0.4
2026-08-13 17:50:00.831054,car,0.39
2026-08-13 17:50:00.831054,car,0.38
2026-08-13 17:50:00.831054,car,0.38
2026-08-13 17:50:00.832060,car,0.37
2026-08-13 17:50:00.832060,car,0.32
2026-08-13 17:50:00.832060,car,0.31
2026-08-13 17:50:00.832060,bus,0.29
2026-08-13 17:50:00.832060,car,0.29
2026-08-13 17:50:00.832060,bus,0.28
2026-08-13 17:50:01.020506,bus,0.75
2026-08-13 17:50:01.020506,bus,0.72
2026-08-13 17:50:01.020506,car,0.59
2026-08-13 17:50:01.020506,bus,0.57
2026-08-13 17:50:01.020506,bus,0.53
2026-08-13 17:50:01.020506,bus,0.52
2026-08-13 17:50:01.020506,car,0.52
2026-08-13 17:50:01.020506,car,0.51
2026-08-13 17:50:01.020506,bus,0.47
2026-08-13 17:50:01.020506,car,0.41
2026-08-13 17:50:01.023380,car,0.4
2026-08-13 17:50:01.023380,car,0.4
2026-08-13 17:50:01.023380,car,0.39
2026-08-13 17:50:01.023380,car,0.38
2026-08-13 17:50:01.023380,car,0.38
2026-08-13 17:50:01.023380,car,0.37
2026-08-13 17:50:01.023380,car,0.32
2026-08-13 17:50:01.023380,car,0.31
2026-08-13 17:50:01.023380,bus,0.29
2026-08-13 17:50:01.023380,car,0.29
2026-08-13 17:50:01.025386,bus,0.28
2026-08-13 17:50:01.175112,bus,0.75
2026-08-13 17:50:01.175112,bus,0.72
2026-08-13 17:50:01.175112,car,0.59
2026-08-13 17:50:01.175112,bus,0.57
2026-08-13 17:50:01.175112,bus,0.53
2026-08-13 17:50:01.175112,bus,0.52
2026-08-13 17:50:01.175112,car,0.52
2026-08-13 17:50:01.177117,car,0.51
2026-08-13 17:50:01.177117,bus,0.47
2026-08-13 17:50:01.177117,car,0.41
2026-08-13 17:50:01.177117,car,0.4
2026-08-13 17:50:01.177117,car,0.4
2026-08-13 17:50:01.177117,car,0.39
2026-08-13 17:50:01.177117,car,0.38
2026-08-13 17:50:01.177117,car,0.38
2026-08-13 17:50:01.177117,car,0.37
2026-08-13 17:50:01.177117,car,0.32
2026-08-13 17:50:01.177117,car,0.31
2026-08-13 17:50:01.177117,bus,0.29
2026-08-13 17:50:01.177117,car,0.29
2026-08-13 17:50:01.177117,bus,0.28
2026-08-13 17:50:01.309027,car,0.81
2026-08-13 17:50:01.309027,car,0.74
2026-08-13 17:50:01.309027,car,0.71
2026-08-13 17:50:01.309027,bus,0.66
2026-08-13 17:50:01.309027,car,0.64
2026-08-13 17:50:01.309027,car,0.62
2026-08-13 17:50:01.309027,car,0.6
2026-08-13 17:50:01.309027,car,0.6
2026-08-13 17:50:01.309027,car,0.55
2026-08-13 17:50:01.309027,car,0.49
2026-08-13 17:50:01.309027,truck,0.49
2026-08-13 17:50:01.309027,car,0.48
2026-08-13 17:50:01.309027,truck,0.44
2026-08-13 17:50:01.309027,car,0.43
2026-08-13 17:50:01.309027,car,0.43
2026-08-13 17:50:01.309027,car,0.41
2026-08-13 17:50:01.309027,bus,0.39
2026-08-13 17:50:01.314133,car,0.39
2026-08-13 17:50:01.314133,bus,0.39
2026-08-13 17:50:01.314133,person,0.37
2026-08-13 17:50:01.314133,car,0.34
2026-08-13 17:50:01.314133,truck,0.32
2026-08-13 17:50:01.314133,bus,0.31
2026-08-13 17:50:01.314133,bus,0.29
2026-08-13 17:50:01.314133,car,0.28
2026-08-13 17:50:01.314133,bus,0.28
2026-08-13 17:50:01.314133,car,0.26
2026-08-13 17:50:01.438837,car,0.79
2026-08-13 17:50:01.438837,car,0.77
2026-08-13 17:50:01.438837,car,0.72
2026-08-13 17:50:01.438837,car,0.67
2026-08-13 17:50:01.438837,car,0.66
2026-08-13 17:50:01.438837,bus,0.65
2026-08-13 17:50:01.438837,car,0.58
2026-08-13 17:50:01.438837,car,0.53
2026-08-13 17:50:01.438837,car,0.51
2026-08-13 17:50:01.438837,car,0.48
2026-08-13 17:50:01.438837,car,0.45
2026-08-13 17:50:01.438837,car,0.44
2026-08-13 17:50:01.438837,truck,0.43
2026-08-13 17:50:01.438837,car,0.42
2026-08-13 17:50:01.438837,car,0.41
2026-08-13 17:50:01.438837,person,0.4
2026-08-13 17:50:01.438837,bus,0.4
2026-08-13 17:50:01.438837,car,0.38
2026-08-13 17:50:01.438837,bus,0.38
2026-08-13 17:50:01.438837,car,0.36
2026-08-13 17:50:01.438837,bus,0.35
2026-08-13 17:50:01.438837,car,0.34
2026-08-13 17:50:01.438837,truck,0.32
2026-08-13 17:50:01.438837,car,0.31
2026-08-13 17:50:01.438837,bus,0.3
2026-08-13 17:50:01.438837,bus,0.28
2026-08-13 17:50:01.438837,car,0.27
2026-08-13 17:50:01.589117,car,0.8
2026-08-13 17:50:01.589117,car,0.76
2026-08-13 17:50:01.589117,car,0.74
2026-08-13 17:50:01.589117,car,0.68
2026-08-13 17:50:01.591144,car,0.68
2026-08-13 17:50:01.591144,bus,0.6
2026-08-13 17:50:01.591144,car,0.56
2026-08-13 17:50:01.591144,car,0.54
2026-08-13 17:50:01.591144,car,0.52
2026-08-13 17:50:01.591144,car,0.5
2026-08-13 17:50:01.591144,car,0.49
2026-08-13 17:50:01.591144,car,0.48
2026-08-13 17:50:01.591144,car,0.47
2026-08-13 17:50:01.591144,bus,0.45
2026-08-13 17:50:01.591144,car,0.43
2026-08-13 17:50:01.593152,car,0.41
2026-08-13 17:50:01.593152,bus,0.39
2026-08-13 17:50:01.593152,truck,0.38
2026-08-13 17:50:01.593152,person,0.36
2026-08-13 17:50:01.593152,bus,0.36
2026-08-13 17:50:01.593152,car,0.32
2026-08-13 17:50:01.593152,truck,0.32
2026-08-13 17:50:01.593152,car,0.31
2026-08-13 17:50:01.593152,bus,0.3
2026-08-13 17:50:01.593152,car,0.3
2026-08-13 17:50:01.728738,car,0.79
2026-08-13 17:50:01.728738,car,0.71
2026-08-13 17:50:01.728738,car,0.71
2026-08-13 17:50:01.728738,bus,0.69
2026-08-13 17:50:01.728738,car,0.66
2026-08-13 17:50:01.728738,car,0.65
2026-08-13 17:50:01.728738,car,0.56
2026-08-13 17:50:01.728738,car,0.51
2026-08-13 17:50:01.728738,car,0.5
2026-08-13 17:50:01.728738,car,0.46
2026-08-13 17:50:01.728738,car,0.43
2026-08-13 17:50:01.728738,car,0.41
2026-08-13 17:50:01.730951,car,0.41
2026-08-13 17:50:01.730951,car,0.4
2026-08-13 17:50:01.730951,car,0.39
2026-08-13 17:50:01.730951,car,0.38
2026-08-13 17:50:01.730951,bus,0.36
2026-08-13 17:50:01.730951,truck,0.36
2026-08-13 17:50:01.730951,bus,0.36
2026-08-13 17:50:01.730951,car,0.35
2026-08-13 17:50:01.730951,bus,0.32
2026-08-13 17:50:01.730951,person,0.3
2026-08-13 17:50:01.730951,truck,0.3
2026-08-13 17:50:01.730951,car,0.3
2026-08-13 17:50:01.732960,bus,0.25
2026-08-13 17:50:01.874336,car,0.82
2026-08-13 17:50:01.874336,car,0.73
2026-08-13 17:50:01.874336,car,0.72
2026-08-13 17:50:01.874336,bus,0.66
2026-08-13 17:50:01.874336,car,0.66
2026-08-13 17:50:01.875987,car,0.63
2026-08-13 17:50:01.875987,car,0.58
2026-08-13 17:50:01.875987,car,0.53
2026-08-13 17:50:01.875987,car,0.5
2026-08-13 17:50:01.875987,car,0.49
2026-08-13 17:50:01.875987,car,0.47
2026-08-13 17:50:01.875987,car,0.44
2026-08-13 17:50:01.875987,car,0.44
2026-08-13 17:50:01.877999,car,0.44
2026-08-13 17:50:01.877999,car,0.43
2026-08-13 17:50:01.877999,car,0.38
2026-08-13 17:50:01.877999,car,0.36
2026-08-13 17:50:01.879006,bus,0.35
2026-08-13 17:50:01.879006,car,0.34
2026-08-13 17:50:01.879006,truck,0.33
2026-08-13 17:50:01.879006,bus,0.33
2026-08-13 17:50:01.879006,bus,0.33
2026-08-13 17:50:01.879006,truck,0.3
2026-08-13 17:50:01.879006,person,0.3
2026-08-13 17:50:02.088973,car,0.78
2026-08-13 17:50:02.088973,bus,0.74
2026-08-13 17:50:02.088973,car,0.71
2026-08-13 17:50:02.088973,car,0.68
2026-08-13 17:50:02.088973,car,0.65
2026-08-13 17:50:02.088973,car,0.62
2026-08-13 17:50:02.088973,car,0.55
2026-08-13 17:50:02.088973,car,0.55
2026-08-13 17:50:02.094484,car,0.5
2026-08-13 17:50:02.094484,car,0.46
2026-08-13 17:50:02.094484,car,0.46
2026-08-13 17:50:02.094484,car,0.46
2026-08-13 17:50:02.094484,car,0.42
2026-08-13 17:50:02.095574,car,0.4
2026-08-13 17:50:02.095574,car,0.39
2026-08-13 17:50:02.095574,car,0.37
2026-08-13 17:50:02.095574,bus,0.37
2026-08-13 17:50:02.095574,car,0.37
2026-08-13 17:50:02.095574,truck,0.35
2026-08-13 17:50:02.095574,person,0.33
2026-08-13 17:50:02.095574,car,0.33
2026-08-13 17:50:02.095574,bus,0.31
2026-08-13 17:50:02.095574,truck,0.3
2026-08-13 17:50:02.260946,car,0.78
2026-08-13 17:50:02.260946,bus,0.74
2026-08-13 17:50:02.260946,car,0.71
2026-08-13 17:50:02.260946,car,0.69
2026-08-13 17:50:02.260946,car,0.65
2026-08-13 17:50:02.260946,car,0.62
2026-08-13 17:50:02.260946,car,0.55
2026-08-13 17:50:02.260946,car,0.55
2026-08-13 17:50:02.260946,car,0.5
2026-08-13 17:50:02.260946,car,0.46
2026-08-13 17:50:02.262952,car,0.46
2026-08-13 17:50:02.262952,car,0.46
2026-08-13 17:50:02.262952,car,0.42
2026-08-13 17:50:02.262952,car,0.4
2026-08-13 17:50:02.262952,car,0.39
2026-08-13 17:50:02.262952,bus,0.37
2026-08-13 17:50:02.262952,car,0.37
2026-08-13 17:50:02.262952,car,0.37
2026-08-13 17:50:02.262952,truck,0.35
2026-08-13 17:50:02.264959,person,0.33
2026-08-13 17:50:02.264959,car,0.33
2026-08-13 17:50:02.264959,bus,0.31
2026-08-13 17:50:02.265965,truck,0.3
2026-08-13 17:50:02.442951,car,0.79
2026-08-13 17:50:02.442951,car,0.71
2026-08-13 17:50:02.444810,bus,0.68
2026-08-13 17:50:02.444810,car,0.67
2026-08-13 17:50:02.444810,car,0.66
2026-08-13 17:50:02.444810,car,0.63
2026-08-13 17:50:02.445819,car,0.56
2026-08-13 17:50:02.445819,car,0.54
2026-08-13 17:50:02.445819,car,0.47
2026-08-13 17:50:02.445819,car,0.46
2026-08-13 17:50:02.445819,car,0.45
2026-08-13 17:50:02.445819,car,0.43
2026-08-13 17:50:02.445819,car,0.43
2026-08-13 17:50:02.445819,bus,0.42
2026-08-13 17:50:02.445819,car,0.39
2026-08-13 17:50:02.445819,car,0.37
2026-08-13 17:50:02.447828,car,0.37
2026-08-13 17:50:02.447828,car,0.37
2026-08-13 17:50:02.447828,person,0.33
2026-08-13 17:50:02.447828,bus,0.33
2026-08-13 17:50:02.447828,car,0.32
2026-08-13 17:50:02.448834,truck,0.3
2026-08-13 17:50:02.448834,car,0.28
2026-08-13 17:50:02.448834,truck,0.27
2026-08-13 17:50:02.448834,car,0.26
2026-08-13 17:50:02.588763,car,0.79
2026-08-13 17:50:02.588763,car,0.71
2026-08-13 17:50:02.603635,bus,0.68
2026-08-13 17:50:02.603635,car,0.67
2026-08-13 17:50:02.603635,car,0.66
2026-08-13 17:50:02.603635,car,0.63
2026-08-13 17:50:02.603635,car,0.56
2026-08-13 17:50:02.603635,car,0.54
2026-08-13 17:50:02.603635,car,0.47
2026-08-13 17:50:02.603635,car,0.46
2026-08-13 17:50:02.603635,car,0.45
2026-08-13 17:50:02.603635,car,0.43
2026-08-13 17:50:02.603635,car,0.43
2026-08-13 17:50:02.603635,bus,0.42
2026-08-13 17:50:02.603635,car,0.39
2026-08-13 17:50:02.603635,car,0.37
2026-08-13 17:50:02.603635,car,0.37
2026-08-13 17:50:02.603635,car,0.37
2026-08-13 17:50:02.603635,person,0.33
2026-08-13 17:50:02.603635,bus,0.33
2026-08-13 17:50:02.606318,car,0.32
2026-08-13 17:50:02.606318,truck,0.3
2026-08-13 17:50:02.606318,car,0.28
2026-08-13 17:50:02.606318,truck,0.27
2026-08-13 17:50:02.606318,car,0.26
2026-08-13 17:50:02.720991,car,0.8
2026-08-13 17:50:02.720991,bus,0.78
2026-08-13 17:50:02.720991,car,0.74
2026-08-13 17:50:02.720991,car,0.71
2026-08-13 17:50:02.722996,car,0.63
2026-08-13 17:50:02.722996,car,0.62
2026-08-13 17:50:02.722996,car,0.54
2026-08-13 17:50:02.722996,car,0.51
2026-08-13 17:50:02.722996,car,0.45
2026-08-13 17:50:02.722996,bus,0.43
2026-08-13 17:50:02.722996,car,0.39
2026-08-13 17:50:02.722996,car,0.38
2026-08-13 17:50:02.722996,car,0.36
2026-08-13 17:50:02.722996,car,0.35
2026-08-13 17:50:02.722996,truck,0.34
2026-08-13 17:50:02.722996,car,0.34
2026-08-13 17:50:02.722996,bus,0.34
2026-08-13 17:50:02.722996,truck,0.33
2026-08-13 17:50:02.725001,car,0.31
2026-08-13 17:50:02.725001,car,0.31
2026-08-13 17:50:02.725001,car,0.31
2026-08-13 17:50:02.725001,car,0.29
2026-08-13 17:50:02.725001,bus,0.26
2026-08-13 17:50:02.725001,person,0.25
2026-08-13 17:50:02.839099,car,0.8
2026-08-13 17:50:02.839099,bus,0.78
2026-08-13 17:50:02.839099,car,0.74
2026-08-13 17:50:02.839099,car,0.71
2026-08-13 17:50:02.839099,car,0.63
2026-08-13 17:50:02.839099,car,0.62
2026-08-13 17:50:02.839099,car,0.54
2026-08-13 17:50:02.839099,car,0.51
2026-08-13 17:50:02.839099,car,0.45
2026-08-13 17:50:02.839099,bus,0.43
2026-08-13 17:50:02.839099,car,0.39
2026-08-13 17:50:02.839099,car,0.38
2026-08-13 17:50:02.839099,car,0.36
2026-08-13 17:50:02.839099,car,0.35
2026-08-13 17:50:02.839099,truck,0.34
2026-08-13 17:50:02.840679,car,0.34
2026-08-13 17:50:02.840679,bus,0.34
2026-08-13 17:50:02.840679,truck,0.33
2026-08-13 17:50:02.840679,car,0.31
2026-08-13 17:50:02.840679,car,0.31
2026-08-13 17:50:02.840679,car,0.31
2026-08-13 17:50:02.840679,car,0.29
2026-08-13 17:50:02.840679,bus,0.26
2026-08-13 17:50:02.840679,person,0.25
2026-08-13 17:50:02.964435,car,0.81
2026-08-13 17:50:02.964435,bus,0.76
2026-08-13 17:50:02.964435,car,0.74
2026-08-13 17:50:02.964435,car,0.68
2026-08-13 17:50:02.964435,car,0.67
2026-08-13 17:50:02.965442,car,0.65
2026-08-13 17:50:02.965442,car,0.64
2026-08-13 17:50:02.965442,bus,0.51
2026-08-13 17:50:02.965442,car,0.51
2026-08-13 17:50:02.965442,car,0.42
2026-08-13 17:50:02.965442,car,0.38
2026-08-13 17:50:02.965442,truck,0.38
2026-08-13 17:50:02.965442,car,0.35
2026-08-13 17:50:02.965442,car,0.35
2026-08-13 17:50:02.965442,car,0.34
2026-08-13 17:50:02.965442,car,0.34
2026-08-13 17:50:02.965442,car,0.34
2026-08-13 17:50:02.965442,truck,0.33
2026-08-13 17:50:02.965442,bus,0.31
2026-08-13 17:50:02.967546,car,0.3
2026-08-13 17:50:02.967546,car,0.3
2026-08-13 17:50:02.967546,car,0.27
2026-08-13 17:50:02.967546,person,0.27
2026-08-13 17:50:02.967546,bus,0.26
2026-08-13 17:50:03.078610,car,0.82
2026-08-13 17:50:03.078610,bus,0.78
2026-08-13 17:50:03.078610,car,0.73
2026-08-13 17:50:03.078610,car,0.68
2026-08-13 17:50:03.078610,car,0.67
2026-08-13 17:50:03.078610,car,0.66
2026-08-13 17:50:03.078610,car,0.64
2026-08-13 17:50:03.083720,bus,0.58
2026-08-13 17:50:03.083720,car,0.43
2026-08-13 17:50:03.083720,car,0.43
2026-08-13 17:50:03.083720,car,0.41
2026-08-13 17:50:03.083720,truck,0.36
2026-08-13 17:50:03.083720,car,0.36
2026-08-13 17:50:03.083720,car,0.35
2026-08-13 17:50:03.083720,truck,0.35
2026-08-13 17:50:03.083720,car,0.33
2026-08-13 17:50:03.083720,bus,0.33
2026-08-13 17:50:03.083720,car,0.31
2026-08-13 17:50:03.083720,person,0.31
2026-08-13 17:50:03.083720,car,0.31
2026-08-13 17:50:03.083720,car,0.3
2026-08-13 17:50:03.083720,car,0.29
2026-08-13 17:50:03.085751,car,0.29
2026-08-13 17:50:03.085751,car,0.27
2026-08-13 17:50:03.204170,car,0.81
2026-08-13 17:50:03.204170,bus,0.78
2026-08-13 17:50:03.204170,car,0.74
2026-08-13 17:50:03.204170,car,0.67
2026-08-13 17:50:03.204170,car,0.66
2026-08-13 17:50:03.204170,car,0.66
2026-08-13 17:50:03.204170,car,0.66
2026-08-13 17:50:03.204170,bus,0.58
2026-08-13 17:50:03.204170,car,0.47
2026-08-13 17:50:03.204170,car,0.44
2026-08-13 17:50:03.206184,car,0.41
2026-08-13 17:50:03.206184,car,0.4
2026-08-13 17:50:03.206184,car,0.35
2026-08-13 17:50:03.206184,car,0.34
2026-08-13 17:50:03.206184,car,0.34
2026-08-13 17:50:03.206184,person,0.33
2026-08-13 17:50:03.206184,truck,0.33
2026-08-13 17:50:03.206184,car,0.33
2026-08-13 17:50:03.206184,truck,0.32
2026-08-13 17:50:03.206184,bus,0.3
2026-08-13 17:50:03.206184,car,0.29
2026-08-13 17:50:03.206184,bus,0.29
2026-08-13 17:50:03.206184,car,0.29
2026-08-13 17:50:03.206184,car,0.28
2026-08-13 17:50:03.206184,car,0.26
2026-08-13 17:50:03.324682,bus,0.8
2026-08-13 17:50:03.324682,car,0.8
2026-08-13 17:50:03.324682,car,0.75
2026-08-13 17:50:03.324682,car,0.69
2026-08-13 17:50:03.324682,car,0.69
2026-08-13 17:50:03.324682,car,0.68
2026-08-13 17:50:03.325707,car,0.66
2026-08-13 17:50:03.325707,bus,0.59
2026-08-13 17:50:03.325707,car,0.53
2026-08-13 17:50:03.325707,car,0.46
2026-08-13 17:50:03.325707,car,0.44
2026-08-13 17:50:03.325707,car,0.42
2026-08-13 17:50:03.325707,car,0.42
2026-08-13 17:50:03.325707,car,0.42
2026-08-13 17:50:03.325707,car,0.37
2026-08-13 17:50:03.325707,person,0.33
2026-08-13 17:50:03.325707,car,0.32
2026-08-13 17:50:03.325707,car,0.3
2026-08-13 17:50:03.325707,bus,0.3
2026-08-13 17:50:03.325707,car,0.3
2026-08-13 17:50:03.327705,truck,0.29
2026-08-13 17:50:03.327705,car,0.26
2026-08-13 17:50:03.327705,person,0.26
2026-08-13 17:50:03.327705,bus,0.25
2026-08-13 17:50:03.327705,car,0.25
2026-08-13 17:50:03.445855,bus,0.83
2026-08-13 17:50:03.445855,car,0.82
2026-08-13 17:50:03.446870,car,0.75
2026-08-13 17:50:03.446870,car,0.71
2026-08-13 17:50:03.446870,car,0.7
2026-08-13 17:50:03.446870,car,0.66
2026-08-13 17:50:03.446870,car,0.63
2026-08-13 17:50:03.446870,bus,0.61
2026-08-13 17:50:03.446870,car,0.49
2026-08-13 17:50:03.446870,car,0.48
2026-08-13 17:50:03.446870,car,0.45
2026-08-13 17:50:03.446870,car,0.41
2026-08-13 17:50:03.446870,car,0.39
2026-08-13 17:50:03.446870,car,0.39
2026-08-13 17:50:03.446870,car,0.34
2026-08-13 17:50:03.448876,car,0.32
2026-08-13 17:50:03.448876,bus,0.31
2026-08-13 17:50:03.448876,car,0.3
2026-08-13 17:50:03.448876,person,0.3
2026-08-13 17:50:03.448876,car,0.29
2026-08-13 17:50:03.448876,car,0.28
2026-08-13 17:50:03.448876,bus,0.27
2026-08-13 17:50:03.448876,car,0.27
2026-08-13 17:50:03.448876,truck,0.27
2026-08-13 17:50:03.448876,car,0.26
2026-08-13 17:50:03.450393,person,0.26
2026-08-13 17:50:03.565677,car,0.8
2026-08-13 17:50:03.565677,bus,0.78
2026-08-13 17:50:03.565677,car,0.74
2026-08-13 17:50:03.565677,car,0.71
2026-08-13 17:50:03.565677,car,0.67
2026-08-13 17:50:03.565677,car,0.67
2026-08-13 17:50:03.565677,car,0.6
2026-08-13 17:50:03.565677,bus,0.59
2026-08-13 17:50:03.565677,car,0.48
2026-08-13 17:50:03.565677,car,0.44
2026-08-13 17:50:03.565677,car,0.41
2026-08-13 17:50:03.565677,car,0.4
2026-08-13 17:50:03.565677,car,0.38
2026-08-13 17:50:03.565677,car,0.35
2026-08-13 17:50:03.565677,car,0.32
2026-08-13 17:50:03.565677,person,0.32
2026-08-13 17:50:03.565677,person,0.31
2026-08-13 17:50:03.565677,bus,0.31
2026-08-13 17:50:03.565677,truck,0.3
2026-08-13 17:50:03.565677,truck,0.29
2026-08-13 17:50:03.568705,car,0.28
2026-08-13 17:50:03.568705,car,0.28
2026-08-13 17:50:03.568705,car,0.27
2026-08-13 17:50:03.689056,car,0.8
2026-08-13 17:50:03.689056,bus,0.78
2026-08-13 17:50:03.689056,car,0.74
2026-08-13 17:50:03.689056,car,0.68
2026-08-13 17:50:03.689056,car,0.66
2026-08-13 17:50:03.691108,car,0.65
2026-08-13 17:50:03.691108,car,0.61
2026-08-13 17:50:03.691108,bus,0.58
2026-08-13 17:50:03.691108,car,0.48
2026-08-13 17:50:03.691108,car,0.43
2026-08-13 17:50:03.691108,car,0.41
2026-08-13 17:50:03.691108,car,0.38
2026-08-13 17:50:03.691108,car,0.38
2026-08-13 17:50:03.691108,car,0.34
2026-08-13 17:50:03.691108,person,0.34
2026-08-13 17:50:03.691108,person,0.33
2026-08-13 17:50:03.691108,car,0.33
2026-08-13 17:50:03.691108,truck,0.31
2026-08-13 17:50:03.691108,bus,0.31
2026-08-13 17:50:03.691108,car,0.29
2026-08-13 17:50:03.693113,truck,0.29
2026-08-13 17:50:03.693113,car,0.26
2026-08-13 17:50:03.693113,car,0.26
2026-08-13 17:50:03.693113,car,0.26
2026-08-13 17:50:03.865847,bus,0.81
2026-08-13 17:50:03.867856,car,0.79
2026-08-13 17:50:03.867856,car,0.72
2026-08-13 17:50:03.867856,car,0.7
2026-08-13 17:50:03.867856,car,0.67
2026-08-13 17:50:03.867856,car,0.65
2026-08-13 17:50:03.867856,car,0.64
2026-08-13 17:50:03.867856,bus,0.64
2026-08-13 17:50:03.867856,car,0.48
2026-08-13 17:50:03.867856,car,0.46
2026-08-13 17:50:03.867856,car,0.41
2026-08-13 17:50:03.867856,car,0.4
2026-08-13 17:50:03.867856,car,0.39
2026-08-13 17:50:03.867856,car,0.38
2026-08-13 17:50:03.868863,car,0.34
2026-08-13 17:50:03.868863,person,0.34
2026-08-13 17:50:03.868863,bus,0.32
2026-08-13 17:50:03.868863,truck,0.28
2026-08-13 17:50:03.868863,truck,0.28
2026-08-13 17:50:03.868863,car,0.27
2026-08-13 17:50:03.868863,car,0.26
2026-08-13 17:50:03.868863,car,0.25
2026-08-13 17:50:04.006027,car,0.78
2026-08-13 17:50:04.006027,car,0.76
2026-08-13 17:50:04.006027,car,0.71
2026-08-13 17:50:04.006027,bus,0.69
2026-08-13 17:50:04.006027,car,0.67
2026-08-13 17:50:04.006027,car,0.64
2026-08-13 17:50:04.006027,car,0.62
2026-08-13 17:50:04.006027,bus,0.53
2026-08-13 17:50:04.006027,car,0.51
2026-08-13 17:50:04.006027,car,0.44
2026-08-13 17:50:04.006027,person,0.37
2026-08-13 17:50:04.006027,car,0.37
2026-08-13 17:50:04.006027,car,0.37
2026-08-13 17:50:04.006027,car,0.37
2026-08-13 17:50:04.006027,bus,0.35
2026-08-13 17:50:04.006027,car,0.35
2026-08-13 17:50:04.006027,person,0.33
2026-08-13 17:50:04.006027,car,0.31
2026-08-13 17:50:04.006027,truck,0.31
2026-08-13 17:50:04.006027,truck,0.31
2026-08-13 17:50:04.006027,car,0.31
2026-08-13 17:50:04.006027,car,0.28
2026-08-13 17:50:04.006027,car,0.26
2026-08-13 17:50:04.006027,car,0.25
2026-08-13 17:50:04.006027,car,0.25
2026-08-13 17:50:04.133651,car,0.78
2026-08-13 17:50:04.133651,car,0.72
2026-08-13 17:50:04.135672,car,0.71
2026-08-13 17:50:04.135672,car,0.7
2026-08-13 17:50:04.135672,car,0.66
2026-08-13 17:50:04.135672,car,0.66
2026-08-13 17:50:04.135672,bus,0.62
2026-08-13 17:50:04.135672,bus,0.54
2026-08-13 17:50:04.135672,car,0.51
2026-08-13 17:50:04.135672,car,0.43
2026-08-13 17:50:04.135672,person,0.4
2026-08-13 17:50:04.135672,car,0.39
2026-08-13 17:50:04.135672,car,0.38
2026-08-13 17:50:04.135672,car,0.38
2026-08-13 17:50:04.135672,car,0.38
2026-08-13 17:50:04.135672,car,0.37
2026-08-13 17:50:04.135672,bus,0.36
2026-08-13 17:50:04.137687,truck,0.33
2026-08-13 17:50:04.137687,car,0.32
2026-08-13 17:50:04.137687,bus,0.31
2026-08-13 17:50:04.137687,person,0.3
2026-08-13 17:50:04.137687,car,0.29
2026-08-13 17:50:04.137687,car,0.28
2026-08-13 17:50:04.247457,car,0.77
2026-08-13 17:50:04.247457,car,0.73
2026-08-13 17:50:04.247775,car,0.69
2026-08-13 17:50:04.247775,car,0.64
2026-08-13 17:50:04.247775,car,0.64
2026-08-13 17:50:04.247775,car,0.63
2026-08-13 17:50:04.247775,bus,0.58
2026-08-13 17:50:04.247775,bus,0.53
2026-08-13 17:50:04.247775,car,0.49
2026-08-13 17:50:04.247775,car,0.49
2026-08-13 17:50:04.247775,car,0.45
2026-08-13 17:50:04.247775,bus,0.4
2026-08-13 17:50:04.247775,car,0.39
2026-08-13 17:50:04.247775,car,0.38
2026-08-13 17:50:04.247775,car,0.34
2026-08-13 17:50:04.247775,person,0.34
2026-08-13 17:50:04.248780,car,0.34
2026-08-13 17:50:04.248780,person,0.34
2026-08-13 17:50:04.248780,truck,0.31
2026-08-13 17:50:04.248780,truck,0.3
2026-08-13 17:50:04.248780,bus,0.29
2026-08-13 17:50:04.248780,person,0.29
2026-08-13 17:50:04.248780,car,0.28
2026-08-13 17:50:04.248780,car,0.26
2026-08-13 17:50:04.377870,car,0.78
2026-08-13 17:50:04.377870,car,0.77
2026-08-13 17:50:04.377870,car,0.74
2026-08-13 17:50:04.377870,car,0.72
2026-08-13 17:50:04.377870,car,0.67
2026-08-13 17:50:04.377870,car,0.65
2026-08-13 17:50:04.377870,car,0.62
2026-08-13 17:50:04.378876,car,0.6
2026-08-13 17:50:04.378876,bus,0.55
2026-08-13 17:50:04.378876,car,0.55
2026-08-13 17:50:04.378876,bus,0.52
2026-08-13 17:50:04.378876,car,0.51
2026-08-13 17:50:04.378876,bus,0.48
2026-08-13 17:50:04.378876,car,0.46
2026-08-13 17:50:04.378876,person,0.43
2026-08-13 17:50:04.378876,car,0.42
2026-08-13 17:50:04.378876,car,0.41
2026-08-13 17:50:04.378876,person,0.41
2026-08-13 17:50:04.378876,bus,0.4
2026-08-13 17:50:04.378876,person,0.36
2026-08-13 17:50:04.378876,car,0.34
2026-08-13 17:50:04.380929,car,0.32
2026-08-13 17:50:04.380929,car,0.28
2026-08-13 17:50:04.380929,car,0.28
2026-08-13 17:50:04.380929,bus,0.25
2026-08-13 17:50:04.500838,car,0.77
2026-08-13 17:50:04.500838,car,0.76
2026-08-13 17:50:04.500838,car,0.74
2026-08-13 17:50:04.500838,car,0.71
2026-08-13 17:50:04.500838,car,0.69
2026-08-13 17:50:04.500838,car,0.65
2026-08-13 17:50:04.502854,car,0.64
2026-08-13 17:50:04.502854,bus,0.62
2026-08-13 17:50:04.502854,car,0.58
2026-08-13 17:50:04.502854,car,0.53
2026-08-13 17:50:04.502854,car,0.47
2026-08-13 17:50:04.502854,car,0.47
2026-08-13 17:50:04.502854,bus,0.46
2026-08-13 17:50:04.502854,car,0.45
2026-08-13 17:50:04.502854,car,0.42
2026-08-13 17:50:04.502854,person,0.4
2026-08-13 17:50:04.502854,person,0.39
2026-08-13 17:50:04.504359,bus,0.37
2026-08-13 17:50:04.504359,car,0.32
2026-08-13 17:50:04.504359,car,0.31
2026-08-13 17:50:04.504359,person,0.29
2026-08-13 17:50:04.504359,car,0.25
2026-08-13 17:50:04.504359,bus,0.25
2026-08-13 17:50:04.504359,car,0.25
2026-08-13 17:50:04.621075,car,0.77
2026-08-13 17:50:04.621075,car,0.72
2026-08-13 17:50:04.621075,car,0.71
2026-08-13 17:50:04.621075,car,0.69
2026-08-13 17:50:04.621075,car,0.67
2026-08-13 17:50:04.621075,car,0.65
2026-08-13 17:50:04.621075,bus,0.59
2026-08-13 17:50:04.623580,car,0.56
2026-08-13 17:50:04.623580,car,0.55
2026-08-13 17:50:04.623580,car,0.53
2026-08-13 17:50:04.623580,car,0.48
2026-08-13 17:50:04.623580,bus,0.47
2026-08-13 17:50:04.623580,car,0.45
2026-08-13 17:50:04.623580,car,0.45
2026-08-13 17:50:04.623580,bus,0.42
2026-08-13 17:50:04.623580,person,0.42
2026-08-13 17:50:04.623580,car,0.39
2026-08-13 17:50:04.623580,person,0.39
2026-08-13 17:50:04.623580,bus,0.36
2026-08-13 17:50:04.623580,car,0.36
2026-08-13 17:50:04.623580,car,0.34
2026-08-13 17:50:04.623580,motorcycle,0.28
2026-08-13 17:50:04.623580,car,0.26
2026-08-13 17:50:04.743889,car,0.75
2026-08-13 17:50:04.743889,car,0.73
2026-08-13 17:50:04.743889,car,0.68
2026-08-13 17:50:04.743889,car,0.68
2026-08-13 17:50:04.743889,car,0.66
2026-08-13 17:50:04.743889,car,0.63
2026-08-13 17:50:04.745894,bus,0.57
2026-08-13 17:50:04.745894,car,0.56
2026-08-13 17:50:04.745894,car,0.54
2026-08-13 17:50:04.745894,bus,0.53
2026-08-13 17:50:04.745894,car,0.51
2026-08-13 17:50:04.745894,car,0.51
2026-08-13 17:50:04.745894,bus,0.5
2026-08-13 17:50:04.745894,car,0.41
2026-08-13 17:50:04.745894,car,0.41
2026-08-13 17:50:04.745894,car,0.4
2026-08-13 17:50:04.745894,person,0.39
2026-08-13 17:50:04.745894,person,0.33
2026-08-13 17:50:04.745894,car,0.33
2026-08-13 17:50:04.745894,car,0.32
2026-08-13 17:50:04.745894,bus,0.31
2026-08-13 17:50:04.745894,motorcycle,0.3
2026-08-13 17:50:04.745894,car,0.27
2026-08-13 17:50:04.870356,car,0.73
2026-08-13 17:50:04.870356,car,0.71
2026-08-13 17:50:04.870356,car,0.68
2026-08-13 17:50:04.872376,car,0.67
2026-08-13 17:50:04.872376,car,0.65
2026-08-13 17:50:04.872376,car,0.59
2026-08-13 17:50:04.872376,bus,0.59
2026-08-13 17:50:04.872376,car,0.59
2026-08-13 17:50:04.872376,car,0.56
2026-08-13 17:50:04.872376,car,0.53
2026-08-13 17:50:04.872376,car,0.51
2026-08-13 17:50:04.872376,car,0.47
2026-08-13 17:50:04.872376,bus,0.45
2026-08-13 17:50:04.872376,car,0.41
2026-08-13 17:50:04.872376,car,0.39
2026-08-13 17:50:04.872376,car,0.36
2026-08-13 17:50:04.872376,car,0.35
2026-08-13 17:50:04.872376,motorcycle,0.35
2026-08-13 17:50:04.874381,bus,0.33
2026-08-13 17:50:04.874381,person,0.29
2026-08-13 17:50:04.874381,car,0.27
2026-08-13 17:50:04.874381,person,0.25
2026-08-13 17:50:04.992804,car,0.76
2026-08-13 17:50:04.992804,car,0.73
2026-08-13 17:50:04.992804,car,0.72
2026-08-13 17:50:04.992804,car,0.68
2026-08-13 17:50:04.992804,car,0.67
2026-08-13 17:50:04.992804,car,0.65
2026-08-13 17:50:04.992804,bus,0.62
2026-08-13 17:50:04.992804,car,0.6
2026-08-13 17:50:04.992804,car,0.59
2026-08-13 17:50:04.992804,car,0.57
2026-08-13 17:50:04.992804,car,0.54
2026-08-13 17:50:04.992804,car,0.45
2026-08-13 17:50:04.992804,bus,0.42
2026-08-13 17:50:04.992804,car,0.39
2026-08-13 17:50:04.992804,car,0.38
2026-08-13 17:50:04.992804,bus,0.37
2026-08-13 17:50:04.992804,car,0.37
2026-08-13 17:50:04.992804,car,0.37
2026-08-13 17:50:04.992804,motorcycle,0.36
2026-08-13 17:50:04.992804,car,0.35
2026-08-13 17:50:04.992804,person,0.32
2026-08-13 17:50:04.992804,bus,0.26
2026-08-13 17:50:05.108764,car,0.74
2026-08-13 17:50:05.108764,car,0.71
2026-08-13 17:50:05.108764,car,0.7
2026-08-13 17:50:05.108764,car,0.68
2026-08-13 17:50:05.108764,car,0.66
2026-08-13 17:50:05.108764,car,0.63
2026-08-13 17:50:05.108764,car,0.6
2026-08-13 17:50:05.108764,car,0.59
2026-08-13 17:50:05.108764,car,0.55
2026-08-13 17:50:05.110779,car,0.54
2026-08-13 17:50:05.110779,car,0.47
2026-08-13 17:50:05.110779,bus,0.46
2026-08-13 17:50:05.110779,motorcycle,0.44
2026-08-13 17:50:05.110779,bus,0.43
2026-08-13 17:50:05.110779,car,0.4
2026-08-13 17:50:05.110779,car,0.37
2026-08-13 17:50:05.110779,car,0.37
2026-08-13 17:50:05.110779,car,0.37
2026-08-13 17:50:05.110779,car,0.34
2026-08-13 17:50:05.110779,person,0.32
2026-08-13 17:50:05.110779,bus,0.28
2026-08-13 17:50:05.110779,bus,0.27
2026-08-13 17:50:05.110779,person,0.26
2026-08-13 17:50:05.227104,car,0.75
2026-08-13 17:50:05.228610,car,0.74
2026-08-13 17:50:05.228610,car,0.73
2026-08-13 17:50:05.228610,car,0.64
2026-08-13 17:50:05.228610,car,0.63
2026-08-13 17:50:05.228610,car,0.62
2026-08-13 17:50:05.228610,car,0.62
2026-08-13 17:50:05.228610,car,0.56
2026-08-13 17:50:05.228610,bus,0.52
2026-08-13 17:50:05.228610,car,0.51
2026-08-13 17:50:05.228610,car,0.5
2026-08-13 17:50:05.228610,bus,0.47
2026-08-13 17:50:05.228610,car,0.46
2026-08-13 17:50:05.228610,car,0.42
2026-08-13 17:50:05.228610,car,0.4
2026-08-13 17:50:05.230667,car,0.39
2026-08-13 17:50:05.230667,motorcycle,0.39
2026-08-13 17:50:05.230667,person,0.38
2026-08-13 17:50:05.230667,car,0.36
2026-08-13 17:50:05.230667,car,0.35
2026-08-13 17:50:05.230667,bus,0.29
2026-08-13 17:50:05.230667,bus,0.29
2026-08-13 17:50:05.350672,car,0.76
2026-08-13 17:50:05.350672,car,0.73
2026-08-13 17:50:05.350672,car,0.69
2026-08-13 17:50:05.350672,car,0.67
2026-08-13 17:50:05.350672,car,0.66
2026-08-13 17:50:05.350672,car,0.59
2026-08-13 17:50:05.350672,car,0.56
2026-08-13 17:50:05.350672,car,0.54
2026-08-13 17:50:05.350672,car,0.51
2026-08-13 17:50:05.352679,bus,0.5
2026-08-13 17:50:05.352679,car,0.48
2026-08-13 17:50:05.352679,motorcycle,0.46
2026-08-13 17:50:05.352679,car,0.44
2026-08-13 17:50:05.352679,bus,0.42
2026-08-13 17:50:05.352679,car,0.41
2026-08-13 17:50:05.352679,car,0.41
2026-08-13 17:50:05.352679,car,0.36
2026-08-13 17:50:05.352679,person,0.29
2026-08-13 17:50:05.352679,person,0.28
2026-08-13 17:50:05.352679,person,0.27
2026-08-13 17:50:05.352679,car,0.25
2026-08-13 17:50:05.467043,car,0.75
2026-08-13 17:50:05.467043,car,0.75
2026-08-13 17:50:05.467043,car,0.71
2026-08-13 17:50:05.467043,car,0.66
2026-08-13 17:50:05.467043,car,0.64
2026-08-13 17:50:05.467043,car,0.63
2026-08-13 17:50:05.467043,car,0.6
2026-08-13 17:50:05.467043,car,0.59
2026-08-13 17:50:05.467043,car,0.52
2026-08-13 17:50:05.467043,motorcycle,0.5
2026-08-13 17:50:05.467043,car,0.48
2026-08-13 17:50:05.469048,car,0.43
2026-08-13 17:50:05.469048,bus,0.39
2026-08-13 17:50:05.469048,car,0.38
2026-08-13 17:50:05.469048,bus,0.37
2026-08-13 17:50:05.469048,person,0.36
2026-08-13 17:50:05.469048,car,0.31
2026-08-13 17:50:05.469048,car,0.3
2026-08-13 17:50:05.469048,person,0.28
2026-08-13 17:50:05.469048,car,0.28
2026-08-13 17:50:05.469048,person,0.26
2026-08-13 17:50:05.469048,car,0.26
2026-08-13 17:50:05.469048,bus,0.26
2026-08-13 17:50:05.469048,person,0.25
2026-08-13 17:50:05.578599,car,0.76
2026-08-13 17:50:05.578599,car,0.71
2026-08-13 17:50:05.578599,car,0.65
2026-08-13 17:50:05.578599,car,0.64
2026-08-13 17:50:05.580636,car,0.63
2026-08-13 17:50:05.580636,car,0.62
2026-08-13 17:50:05.580636,car,0.62
2026-08-13 17:50:05.580636,car,0.54
2026-08-13 17:50:05.580636,motorcycle,0.54
2026-08-13 17:50:05.580636,car,0.53
2026-08-13 17:50:05.580636,car,0.51
2026-08-13 17:50:05.580636,car,0.46
2026-08-13 17:50:05.580636,bus,0.43
2026-08-13 17:50:05.580636,bus,0.41
2026-08-13 17:50:05.580636,truck,0.38
2026-08-13 17:50:05.580636,car,0.38
2026-08-13 17:50:05.580636,car,0.32
2026-08-13 17:50:05.580636,person,0.32
2026-08-13 17:50:05.580636,person,0.32
2026-08-13 17:50:05.580636,car,0.31
2026-08-13 17:50:05.580636,car,0.29
2026-08-13 17:50:05.580636,person,0.26
2026-08-13 17:50:05.706799,car,0.74
2026-08-13 17:50:05.706799,car,0.67
2026-08-13 17:50:05.706799,car,0.66
2026-08-13 17:50:05.706799,car,0.66
2026-08-13 17:50:05.706799,car,0.64
2026-08-13 17:50:05.706799,car,0.62
2026-08-13 17:50:05.706799,car,0.6
2026-08-13 17:50:05.706799,motorcycle,0.6
2026-08-13 17:50:05.706799,car,0.58
2026-08-13 17:50:05.706799,car,0.51
2026-08-13 17:50:05.708915,bus,0.48
2026-08-13 17:50:05.708915,car,0.44
2026-08-13 17:50:05.708915,car,0.44
2026-08-13 17:50:05.708915,car,0.38
2026-08-13 17:50:05.708915,car,0.36
2026-08-13 17:50:05.708915,bus,0.35
2026-08-13 17:50:05.708915,person,0.34
2026-08-13 17:50:05.708915,person,0.34
2026-08-13 17:50:05.708915,car,0.31
2026-08-13 17:50:05.708915,bus,0.3
2026-08-13 17:50:05.708915,person,0.26
2026-08-13 17:50:05.708915,car,0.25
2026-08-13 17:50:05.823769,car,0.74
2026-08-13 17:50:05.823769,car,0.68
2026-08-13 17:50:05.823769,car,0.66
2026-08-13 17:50:05.823769,car,0.64
2026-08-13 17:50:05.823769,car,0.64
2026-08-13 17:50:05.823769,car,0.63
2026-08-13 17:50:05.823769,motorcycle,0.63
2026-08-13 17:50:05.823769,bus,0.61
2026-08-13 17:50:05.823769,car,0.54
2026-08-13 17:50:05.823769,car,0.54
2026-08-13 17:50:05.823769,car,0.52
2026-08-13 17:50:05.823769,car,0.46
2026-08-13 17:50:05.823769,bus,0.43
2026-08-13 17:50:05.823769,car,0.41
2026-08-13 17:50:05.823769,truck,0.41
2026-08-13 17:50:05.823769,car,0.4
2026-08-13 17:50:05.823769,bus,0.4
2026-08-13 17:50:05.823769,car,0.34
2026-08-13 17:50:05.823769,person,0.32
2026-08-13 17:50:05.823769,car,0.28
2026-08-13 17:50:05.823769,person,0.27
2026-08-13 17:50:05.823769,person,0.26
2026-08-13 17:50:05.939980,car,0.74
2026-08-13 17:50:05.939980,bus,0.7
2026-08-13 17:50:05.939980,car,0.69
2026-08-13 17:50:05.939980,car,0.68
2026-08-13 17:50:05.942012,car,0.67
2026-08-13 17:50:05.942012,motorcycle,0.66
2026-08-13 17:50:05.942012,car,0.62
2026-08-13 17:50:05.942012,car,0.61
2026-08-13 17:50:05.942518,car,0.58
2026-08-13 17:50:05.942518,car,0.57
2026-08-13 17:50:05.942518,car,0.53
2026-08-13 17:50:05.942518,bus,0.43
2026-08-13 17:50:05.942518,bus,0.42
2026-08-13 17:50:05.942518,car,0.42
2026-08-13 17:50:05.942518,car,0.4
2026-08-13 17:50:05.943528,car,0.39
2026-08-13 17:50:05.943528,car,0.38
2026-08-13 17:50:05.943528,person,0.29
2026-08-13 17:50:05.943528,person,0.27
2026-08-13 17:50:05.943528,car,0.26
2026-08-13 17:50:06.052922,car,0.73
2026-08-13 17:50:06.052922,car,0.67
2026-08-13 17:50:06.052922,car,0.67
2026-08-13 17:50:06.052922,bus,0.66
2026-08-13 17:50:06.052922,car,0.64
2026-08-13 17:50:06.052922,motorcycle,0.61
2026-08-13 17:50:06.052922,car,0.61
2026-08-13 17:50:06.052922,car,0.6
2026-08-13 17:50:06.052922,car,0.59
2026-08-13 17:50:06.052922,car,0.51
2026-08-13 17:50:06.052922,bus,0.5
2026-08-13 17:50:06.052922,bus,0.47
2026-08-13 17:50:06.052922,car,0.43
2026-08-13 17:50:06.052922,car,0.38
2026-08-13 17:50:06.052922,car,0.37
2026-08-13 17:50:06.054930,car,0.36
2026-08-13 17:50:06.054930,car,0.36
2026-08-13 17:50:06.054930,person,0.34
2026-08-13 17:50:06.054930,truck,0.33
2026-08-13 17:50:06.054930,car,0.28
2026-08-13 17:50:06.054930,car,0.27
2026-08-13 17:50:06.180857,car,0.72
2026-08-13 17:50:06.180857,car,0.67
2026-08-13 17:50:06.180857,bus,0.66
2026-08-13 17:50:06.182862,car,0.65
2026-08-13 17:50:06.182862,car,0.6
2026-08-13 17:50:06.182862,car,0.6
2026-08-13 17:50:06.182862,car,0.57
2026-08-13 17:50:06.182862,car,0.55
2026-08-13 17:50:06.182862,motorcycle,0.53
2026-08-13 17:50:06.182862,car,0.51
2026-08-13 17:50:06.182862,bus,0.49
2026-08-13 17:50:06.182862,car,0.46
2026-08-13 17:50:06.182862,bus,0.45
2026-08-13 17:50:06.182862,car,0.42
2026-08-13 17:50:06.182862,truck,0.4
2026-08-13 17:50:06.182862,car,0.39
2026-08-13 17:50:06.182862,truck,0.38
2026-08-13 17:50:06.184867,car,0.36
2026-08-13 17:50:06.184867,car,0.33
2026-08-13 17:50:06.184867,person,0.33
2026-08-13 17:50:06.184867,bus,0.27
2026-08-13 17:50:06.298972,car,0.72
2026-08-13 17:50:06.298972,car,0.66
2026-08-13 17:50:06.298972,car,0.65
2026-08-13 17:50:06.298972,bus,0.6
2026-08-13 17:50:06.300488,car,0.58
2026-08-13 17:50:06.300488,car,0.57
2026-08-13 17:50:06.300488,car,0.55
2026-08-13 17:50:06.300488,car,0.54
2026-08-13 17:50:06.300488,bus,0.54
2026-08-13 17:50:06.300488,motorcycle,0.53
2026-08-13 17:50:06.300488,car,0.48
2026-08-13 17:50:06.300488,car,0.48
2026-08-13 17:50:06.300488,car,0.44
2026-08-13 17:50:06.300488,bus,0.39
2026-08-13 17:50:06.300488,car,0.36
2026-08-13 17:50:06.300488,car,0.33
2026-08-13 17:50:06.300488,person,0.3
2026-08-13 17:50:06.300488,bus,0.26
2026-08-13 17:50:06.302505,car,0.25
2026-08-13 17:50:06.415838,car,0.71
2026-08-13 17:50:06.415838,car,0.68
2026-08-13 17:50:06.415838,car,0.67
2026-08-13 17:50:06.417860,bus,0.64
2026-08-13 17:50:06.417860,car,0.64
2026-08-13 17:50:06.417860,car,0.63
2026-08-13 17:50:06.417860,car,0.62
2026-08-13 17:50:06.417860,car,0.57
2026-08-13 17:50:06.417860,car,0.56
2026-08-13 17:50:06.417860,bus,0.52
2026-08-13 17:50:06.418885,car,0.51
2026-08-13 17:50:06.418885,car,0.47
2026-08-13 17:50:06.418885,motorcycle,0.46
2026-08-13 17:50:06.418885,car,0.44
2026-08-13 17:50:06.418885,bus,0.34
2026-08-13 17:50:06.418885,car,0.29
2026-08-13 17:50:06.418885,person,0.27
2026-08-13 17:50:06.418885,car,0.26
2026-08-13 17:50:06.534287,car,0.75
2026-08-13 17:50:06.534287,car,0.72
2026-08-13 17:50:06.534287,car,0.7
2026-08-13 17:50:06.535803,car,0.69
2026-08-13 17:50:06.535803,car,0.68
2026-08-13 17:50:06.535803,car,0.62
2026-08-13 17:50:06.535803,bus,0.6
2026-08-13 17:50:06.536307,car,0.53
2026-08-13 17:50:06.536307,car,0.51
2026-08-13 17:50:06.536307,car,0.49
2026-08-13 17:50:06.536307,car,0.48
2026-08-13 17:50:06.536307,car,0.44
2026-08-13 17:50:06.536307,bus,0.41
2026-08-13 17:50:06.536307,bus,0.39
2026-08-13 17:50:06.536307,car,0.37
2026-08-13 17:50:06.536307,car,0.34
2026-08-13 17:50:06.536307,car,0.33
2026-08-13 17:50:06.536307,bus,0.28
2026-08-13 17:50:06.536307,motorcycle,0.26
2026-08-13 17:50:06.536307,car,0.25
2026-08-13 17:50:06.652901,car,0.72
2026-08-13 17:50:06.652901,car,0.7
2026-08-13 17:50:06.652901,car,0.68
2026-08-13 17:50:06.652901,car,0.67
2026-08-13 17:50:06.652901,car,0.62
2026-08-13 17:50:06.652901,car,0.57
2026-08-13 17:50:06.652901,car,0.57
2026-08-13 17:50:06.652901,bus,0.56
2026-08-13 17:50:06.652901,car,0.49
2026-08-13 17:50:06.654906,car,0.46
2026-08-13 17:50:06.654906,car,0.46
2026-08-13 17:50:06.654906,car,0.44
2026-08-13 17:50:06.654906,car,0.39
2026-08-13 17:50:06.654906,bus,0.37
2026-08-13 17:50:06.654906,bus,0.35
2026-08-13 17:50:06.654906,bus,0.33
2026-08-13 17:50:06.655911,bus,0.31
2026-08-13 17:50:06.655911,car,0.31
2026-08-13 17:50:06.655911,car,0.28
2026-08-13 17:50:06.764992,car,0.76
2026-08-13 17:50:06.764992,car,0.74
2026-08-13 17:50:06.764992,car,0.69
2026-08-13 17:50:06.764992,car,0.69
2026-08-13 17:50:06.764992,car,0.64
2026-08-13 17:50:06.764992,car,0.57
2026-08-13 17:50:06.764992,car,0.53
2026-08-13 17:50:06.764992,car,0.52
2026-08-13 17:50:06.764992,car,0.51
2026-08-13 17:50:06.764992,car,0.51
2026-08-13 17:50:06.764992,bus,0.49
2026-08-13 17:50:06.764992,car,0.45
2026-08-13 17:50:06.764992,car,0.44
2026-08-13 17:50:06.764992,car,0.38
2026-08-13 17:50:06.764992,bus,0.36
2026-08-13 17:50:06.764992,bus,0.34
2026-08-13 17:50:06.764992,bus,0.32
2026-08-13 17:50:06.764992,car,0.3
2026-08-13 17:50:06.764992,car,0.3
2026-08-13 17:50:06.764992,bus,0.27
2026-08-13 17:50:06.764992,bus,0.25
2026-08-13 17:50:06.891127,car,0.77
2026-08-13 17:50:06.891127,car,0.76
2026-08-13 17:50:06.891127,car,0.68
2026-08-13 17:50:06.891127,car,0.66
2026-08-13 17:50:06.891127,car,0.64
2026-08-13 17:50:06.891127,car,0.6
2026-08-13 17:50:06.891127,car,0.57
2026-08-13 17:50:06.891127,car,0.53
2026-08-13 17:50:06.891127,car,0.51
2026-08-13 17:50:06.891127,car,0.5
2026-08-13 17:50:06.893133,bus,0.47
2026-08-13 17:50:06.893133,car,0.43
2026-08-13 17:50:06.893133,car,0.43
2026-08-13 17:50:06.893133,car,0.4
2026-08-13 17:50:06.893133,bus,0.37
2026-08-13 17:50:06.893133,bus,0.32
2026-08-13 17:50:06.893133,car,0.26
2026-08-13 17:50:06.893133,car,0.25
2026-08-13 17:50:07.013925,car,0.78
2026-08-13 17:50:07.013925,car,0.75
2026-08-13 17:50:07.013925,car,0.74
2026-08-13 17:50:07.013925,car,0.68
2026-08-13 17:50:07.013925,car,0.64
2026-08-13 17:50:07.013925,car,0.61
2026-08-13 17:50:07.013925,car,0.56
2026-08-13 17:50:07.013925,bus,0.54
2026-08-13 17:50:07.013925,car,0.53
2026-08-13 17:50:07.013925,car,0.53
2026-08-13 17:50:07.013925,car,0.53
2026-08-13 17:50:07.015951,car,0.5
2026-08-13 17:50:07.015951,bus,0.43
2026-08-13 17:50:07.015951,car,0.42
2026-08-13 17:50:07.015951,bus,0.41
2026-08-13 17:50:07.015951,car,0.37
2026-08-13 17:50:07.015951,truck,0.34
2026-08-13 17:50:07.015951,car,0.26
2026-08-13 17:50:07.155685,car,0.78
2026-08-13 17:50:07.155685,car,0.75
2026-08-13 17:50:07.155685,car,0.75
2026-08-13 17:50:07.155685,car,0.68
2026-08-13 17:50:07.155685,car,0.64
2026-08-13 17:50:07.155685,car,0.61
2026-08-13 17:50:07.155685,car,0.57
2026-08-13 17:50:07.155685,car,0.53
2026-08-13 17:50:07.155685,car,0.53
2026-08-13 17:50:07.155685,car,0.53
2026-08-13 17:50:07.155685,bus,0.52
2026-08-13 17:50:07.155685,car,0.5
2026-08-13 17:50:07.155685,bus,0.44
2026-08-13 17:50:07.155685,car,0.42
2026-08-13 17:50:07.155685,bus,0.41
2026-08-13 17:50:07.158778,car,0.37
2026-08-13 17:50:07.158778,truck,0.34
2026-08-13 17:50:07.158778,car,0.26
2026-08-13 17:50:07.268846,car,0.76
2026-08-13 17:50:07.268846,car,0.73
2026-08-13 17:50:07.268846,car,0.73
2026-08-13 17:50:07.268846,car,0.65
2026-08-13 17:50:07.268846,car,0.59
2026-08-13 17:50:07.268846,car,0.58
2026-08-13 17:50:07.268846,car,0.58
2026-08-13 17:50:07.268846,car,0.58
2026-08-13 17:50:07.268846,car,0.57
2026-08-13 17:50:07.270865,car,0.56
2026-08-13 17:50:07.270865,bus,0.56
2026-08-13 17:50:07.270865,car,0.52
2026-08-13 17:50:07.270865,car,0.52
2026-08-13 17:50:07.270865,car,0.5
2026-08-13 17:50:07.270865,bus,0.46
2026-08-13 17:50:07.270865,bus,0.41
2026-08-13 17:50:07.270865,car,0.34
2026-08-13 17:50:07.270865,car,0.31
2026-08-13 17:50:07.270865,car,0.3
2026-08-13 17:50:07.270865,car,0.27
2026-08-13 17:50:07.396001,car,0.75
2026-08-13 17:50:07.396001,car,0.73
2026-08-13 17:50:07.396001,bus,0.72
2026-08-13 17:50:07.396001,car,0.72
2026-08-13 17:50:07.397510,car,0.67
2026-08-13 17:50:07.397510,car,0.64
2026-08-13 17:50:07.397510,car,0.62
2026-08-13 17:50:07.397510,car,0.58
2026-08-13 17:50:07.397510,car,0.56
2026-08-13 17:50:07.397510,car,0.53
2026-08-13 17:50:07.397510,car,0.52
2026-08-13 17:50:07.398522,car,0.52
2026-08-13 17:50:07.398522,car,0.51
2026-08-13 17:50:07.398522,car,0.49
2026-08-13 17:50:07.399058,car,0.46
2026-08-13 17:50:07.399058,bus,0.44
2026-08-13 17:50:07.399058,bus,0.37
2026-08-13 17:50:07.399058,car,0.31
2026-08-13 17:50:07.399058,car,0.3
2026-08-13 17:50:07.399058,car,0.29
2026-08-13 17:50:07.399058,bus,0.28
2026-08-13 17:50:07.525921,car,0.74
2026-08-13 17:50:07.527926,car,0.71
2026-08-13 17:50:07.527926,car,0.69
2026-08-13 17:50:07.527926,car,0.67
2026-08-13 17:50:07.527926,car,0.64
2026-08-13 17:50:07.527926,car,0.61
2026-08-13 17:50:07.527926,car,0.58
2026-08-13 17:50:07.528931,car,0.52
2026-08-13 17:50:07.528931,bus,0.46
2026-08-13 17:50:07.528931,bus,0.45
2026-08-13 17:50:07.528931,car,0.44
2026-08-13 17:50:07.528931,car,0.43
2026-08-13 17:50:07.528931,car,0.43
2026-08-13 17:50:07.528931,car,0.4
2026-08-13 17:50:07.528931,bus,0.39
2026-08-13 17:50:07.528931,car,0.38
2026-08-13 17:50:07.528931,car,0.38
2026-08-13 17:50:07.528931,truck,0.32
2026-08-13 17:50:07.528931,truck,0.3
2026-08-13 17:50:07.528931,car,0.28
2026-08-13 17:50:07.528931,car,0.28
2026-08-13 17:50:07.528931,car,0.28
2026-08-13 17:50:07.528931,bus,0.25
2026-08-13 17:50:07.644986,car,0.74
2026-08-13 17:50:07.644986,car,0.72
2026-08-13 17:50:07.644986,car,0.71
2026-08-13 17:50:07.644986,car,0.65
2026-08-13 17:50:07.644986,car,0.65
2026-08-13 17:50:07.644986,car,0.63
2026-08-13 17:50:07.644986,car,0.59
2026-08-13 17:50:07.644986,car,0.54
2026-08-13 17:50:07.647076,bus,0.54
2026-08-13 17:50:07.647076,bus,0.52
2026-08-13 17:50:07.647076,car,0.44
2026-08-13 17:50:07.647076,car,0.42
2026-08-13 17:50:07.647076,car,0.41
2026-08-13 17:50:07.647076,car,0.39
2026-08-13 17:50:07.647076,car,0.38
2026-08-13 17:50:07.647076,car,0.37
2026-08-13 17:50:07.647076,car,0.33
2026-08-13 17:50:07.647076,car,0.32
2026-08-13 17:50:07.647076,car,0.32
2026-08-13 17:50:07.648582,truck,0.29
2026-08-13 17:50:07.648582,bus,0.28
2026-08-13 17:50:07.763818,car,0.75
2026-08-13 17:50:07.763818,car,0.71
2026-08-13 17:50:07.763818,car,0.68
2026-08-13 17:50:07.763818,bus,0.67
2026-08-13 17:50:07.763818,car,0.67
2026-08-13 17:50:07.765823,car,0.67
2026-08-13 17:50:07.765823,car,0.67
2026-08-13 17:50:07.765823,car,0.58
2026-08-13 17:50:07.765823,car,0.55
2026-08-13 17:50:07.765823,bus,0.52
2026-08-13 17:50:07.765823,car,0.46
2026-08-13 17:50:07.765823,car,0.44
2026-08-13 17:50:07.765823,car,0.42
2026-08-13 17:50:07.765823,car,0.38
2026-08-13 17:50:07.765823,truck,0.37
2026-08-13 17:50:07.765823,car,0.35
2026-08-13 17:50:07.765823,car,0.35
2026-08-13 17:50:07.765823,car,0.32
2026-08-13 17:50:07.765823,car,0.31
2026-08-13 17:50:07.880949,car,0.76
2026-08-13 17:50:07.880949,car,0.73
2026-08-13 17:50:07.880949,bus,0.72
2026-08-13 17:50:07.880949,car,0.7
2026-08-13 17:50:07.880949,car,0.69
2026-08-13 17:50:07.880949,car,0.62
2026-08-13 17:50:07.880949,car,0.58
2026-08-13 17:50:07.880949,car,0.52
2026-08-13 17:50:07.880949,bus,0.5
2026-08-13 17:50:07.880949,car,0.48
2026-08-13 17:50:07.880949,car,0.48
2026-08-13 17:50:07.880949,car,0.47
2026-08-13 17:50:07.880949,car,0.45
2026-08-13 17:50:07.880949,car,0.41
2026-08-13 17:50:07.880949,car,0.4
2026-08-13 17:50:07.880949,car,0.37
2026-08-13 17:50:07.880949,car,0.35
2026-08-13 17:50:07.880949,truck,0.31
2026-08-13 17:50:07.880949,car,0.27
2026-08-13 17:50:07.880949,bus,0.27
2026-08-13 17:50:07.882954,car,0.25
2026-08-13 17:50:08.008900,car,0.72
2026-08-13 17:50:08.010665,car,0.7
2026-08-13 17:50:08.010665,car,0.68
2026-08-13 17:50:08.010665,car,0.67
2026-08-13 17:50:08.010665,car,0.67
2026-08-13 17:50:08.010665,bus,0.66
2026-08-13 17:50:08.010665,car,0.6
2026-08-13 17:50:08.010665,bus,0.57
2026-08-13 17:50:08.010665,car,0.57
2026-08-13 17:50:08.010665,car,0.53
2026-08-13 17:50:08.011704,car,0.53
2026-08-13 17:50:08.011704,car,0.5
2026-08-13 17:50:08.011704,car,0.42
2026-08-13 17:50:08.011704,car,0.41
2026-08-13 17:50:08.011704,car,0.4
2026-08-13 17:50:08.011704,car,0.36
2026-08-13 17:50:08.011704,car,0.33
2026-08-13 17:50:08.011704,car,0.33
2026-08-13 17:50:08.011704,bus,0.28
2026-08-13 17:50:08.011704,car,0.25
2026-08-13 17:50:08.125666,car,0.75
2026-08-13 17:50:08.125666,bus,0.74
2026-08-13 17:50:08.127687,car,0.71
2026-08-13 17:50:08.127687,car,0.7
2026-08-13 17:50:08.127687,car,0.66
2026-08-13 17:50:08.127687,car,0.59
2026-08-13 17:50:08.127687,car,0.59
2026-08-13 17:50:08.127687,bus,0.58
2026-08-13 17:50:08.127687,car,0.57
2026-08-13 17:50:08.128692,car,0.54
2026-08-13 17:50:08.128692,car,0.54
2026-08-13 17:50:08.128692,car,0.52
2026-08-13 17:50:08.128692,car,0.49
2026-08-13 17:50:08.128692,car,0.4
2026-08-13 17:50:08.128692,car,0.38
2026-08-13 17:50:08.128692,car,0.37
2026-08-13 17:50:08.128692,car,0.36
2026-08-13 17:50:08.128692,bus,0.35
2026-08-13 17:50:08.128692,car,0.3
2026-08-13 17:50:08.128692,car,0.27
2026-08-13 17:50:08.128692,truck,0.26
2026-08-13 17:50:08.245940,bus,0.78
2026-08-13 17:50:08.245940,car,0.73
2026-08-13 17:50:08.245940,car,0.7
2026-08-13 17:50:08.245940,car,0.69
2026-08-13 17:50:08.245940,car,0.69
2026-08-13 17:50:08.245940,car,0.69
2026-08-13 17:50:08.245940,car,0.65
2026-08-13 17:50:08.245940,car,0.6
2026-08-13 17:50:08.245940,car,0.56
2026-08-13 17:50:08.245940,bus,0.54
2026-08-13 17:50:08.245940,car,0.51
2026-08-13 17:50:08.245940,car,0.45
2026-08-13 17:50:08.245940,car,0.44
2026-08-13 17:50:08.245940,car,0.41
2026-08-13 17:50:08.245940,bus,0.41
2026-08-13 17:50:08.245940,truck,0.36
2026-08-13 17:50:08.245940,car,0.31
2026-08-13 17:50:08.245940,car,0.29
2026-08-13 17:50:08.245940,car,0.29
2026-08-13 17:50:08.245940,car,0.29
2026-08-13 17:50:08.428739,bus,0.82
2026-08-13 17:50:08.428739,car,0.71
2026-08-13 17:50:08.428739,car,0.71
2026-08-13 17:50:08.428739,car,0.71
2026-08-13 17:50:08.428739,car,0.68
2026-08-13 17:50:08.428739,car,0.68
2026-08-13 17:50:08.428739,car,0.66
2026-08-13 17:50:08.428739,car,0.59
2026-08-13 17:50:08.428739,car,0.58
2026-08-13 17:50:08.428739,car,0.57
2026-08-13 17:50:08.430777,car,0.49
2026-08-13 17:50:08.430777,bus,0.46
2026-08-13 17:50:08.430777,bus,0.43
2026-08-13 17:50:08.430777,car,0.36
2026-08-13 17:50:08.430777,car,0.35
2026-08-13 17:50:08.430777,car,0.34
2026-08-13 17:50:08.430777,car,0.28
2026-08-13 17:50:08.430777,truck,0.27
2026-08-13 17:50:08.430777,car,0.26
2026-08-13 17:50:08.430777,car,0.26
2026-08-13 17:50:08.430777,motorcycle,0.26
2026-08-13 17:50:08.558884,bus,0.81
2026-08-13 17:50:08.558884,car,0.7
2026-08-13 17:50:08.558884,car,0.7
2026-08-13 17:50:08.558884,car,0.7
2026-08-13 17:50:08.558884,car,0.7
2026-08-13 17:50:08.558884,car,0.67
2026-08-13 17:50:08.558884,car,0.67
2026-08-13 17:50:08.558884,car,0.59
2026-08-13 17:50:08.558884,car,0.59
2026-08-13 17:50:08.558884,car,0.52
2026-08-13 17:50:08.565391,bus,0.52
2026-08-13 17:50:08.565391,car,0.5
2026-08-13 17:50:08.565391,bus,0.44
2026-08-13 17:50:08.565391,car,0.4
2026-08-13 17:50:08.565391,car,0.33
2026-08-13 17:50:08.565391,car,0.33
2026-08-13 17:50:08.565391,truck,0.33
2026-08-13 17:50:08.565391,car,0.31
2026-08-13 17:50:08.565391,car,0.25
2026-08-13 17:50:08.565391,car,0.25
2026-08-13 17:50:08.684135,bus,0.81
2026-08-13 17:50:08.684135,car,0.75
2026-08-13 17:50:08.684135,car,0.72
2026-08-13 17:50:08.684135,car,0.72
2026-08-13 17:50:08.684135,car,0.7
2026-08-13 17:50:08.684135,car,0.69
2026-08-13 17:50:08.684135,car,0.67
2026-08-13 17:50:08.684135,car,0.64
2026-08-13 17:50:08.684135,car,0.58
2026-08-13 17:50:08.684135,car,0.57
2026-08-13 17:50:08.684135,car,0.53
2026-08-13 17:50:08.684135,car,0.51
2026-08-13 17:50:08.684135,bus,0.46
2026-08-13 17:50:08.684135,bus,0.43
2026-08-13 17:50:08.684135,car,0.4
2026-08-13 17:50:08.684135,car,0.37
2026-08-13 17:50:08.684135,car,0.36
2026-08-13 17:50:08.685663,car,0.34
2026-08-13 17:50:08.685663,motorcycle,0.34
2026-08-13 17:50:08.685663,truck,0.3
2026-08-13 17:50:08.685663,car,0.26
2026-08-13 17:50:08.685663,car,0.26
2026-08-13 17:50:08.811564,bus,0.82
2026-08-13 17:50:08.813570,car,0.8
2026-08-13 17:50:08.813570,car,0.71
2026-08-13 17:50:08.813570,car,0.71
2026-08-13 17:50:08.813570,car,0.68
2026-08-13 17:50:08.813570,car,0.65
2026-08-13 17:50:08.813570,car,0.6
2026-08-13 17:50:08.813570,car,0.6
2026-08-13 17:50:08.814575,car,0.59
2026-08-13 17:50:08.814575,car,0.57
2026-08-13 17:50:08.814575,car,0.54
2026-08-13 17:50:08.814575,motorcycle,0.52
2026-08-13 17:50:08.814575,car,0.52
2026-08-13 17:50:08.814575,bus,0.44
2026-08-13 17:50:08.814575,car,0.42
2026-08-13 17:50:08.814575,car,0.42
2026-08-13 17:50:08.814575,bus,0.35
2026-08-13 17:50:08.814575,car,0.35
2026-08-13 17:50:08.814575,car,0.3
2026-08-13 17:50:08.816081,car,0.3
2026-08-13 17:50:08.932856,bus,0.84
2026-08-13 17:50:08.932856,car,0.79
2026-08-13 17:50:08.932856,car,0.76
2026-08-13 17:50:08.932856,car,0.72
2026-08-13 17:50:08.932856,car,0.67
2026-08-13 17:50:08.932856,car,0.67
2026-08-13 17:50:08.934864,motorcycle,0.65
2026-08-13 17:50:08.934864,car,0.65
2026-08-13 17:50:08.934864,car,0.55
2026-08-13 17:50:08.934864,car,0.54
2026-08-13 17:50:08.934864,car,0.53
2026-08-13 17:50:08.934864,car,0.52
2026-08-13 17:50:08.934864,car,0.49
2026-08-13 17:50:08.935870,car,0.48
2026-08-13 17:50:08.935870,car,0.45
2026-08-13 17:50:08.935870,car,0.39
2026-08-13 17:50:08.935870,bus,0.37
2026-08-13 17:50:08.935870,bus,0.36
2026-08-13 17:50:08.935870,car,0.34
2026-08-13 17:50:08.935870,car,0.32
2026-08-13 17:50:09.040937,bus,0.8
2026-08-13 17:50:09.040937,car,0.76
2026-08-13 17:50:09.040937,car,0.73
2026-08-13 17:50:09.040937,car,0.73
2026-08-13 17:50:09.040937,car,0.67
2026-08-13 17:50:09.040937,car,0.67
2026-08-13 17:50:09.040937,motorcycle,0.66
2026-08-13 17:50:09.040937,car,0.61
2026-08-13 17:50:09.040937,bus,0.53
2026-08-13 17:50:09.040937,car,0.53
2026-08-13 17:50:09.040937,car,0.52
2026-08-13 17:50:09.040937,car,0.52
2026-08-13 17:50:09.040937,car,0.5
2026-08-13 17:50:09.040937,car,0.5
2026-08-13 17:50:09.040937,car,0.47
2026-08-13 17:50:09.040937,car,0.47
2026-08-13 17:50:09.040937,car,0.38
2026-08-13 17:50:09.040937,bus,0.35
2026-08-13 17:50:09.040937,car,0.34
2026-08-13 17:50:09.040937,motorcycle,0.29
2026-08-13 17:50:09.040937,car,0.28
2026-08-13 17:50:09.042942,person,0.28
2026-08-13 17:50:09.042942,person,0.26
2026-08-13 17:50:09.042942,motorcycle,0.26
2026-08-13 17:50:09.042942,person,0.25
2026-08-13 17:50:09.160830,car,0.72
2026-08-13 17:50:09.160830,bus,0.72
2026-08-13 17:50:09.160830,car,0.72
2026-08-13 17:50:09.160830,car,0.71
2026-08-13 17:50:09.160830,car,0.69
2026-08-13 17:50:09.160830,motorcycle,0.65
2026-08-13 17:50:09.160830,car,0.63
2026-08-13 17:50:09.160830,car,0.6
2026-08-13 17:50:09.160830,bus,0.55
2026-08-13 17:50:09.160830,car,0.54
2026-08-13 17:50:09.160830,car,0.54
2026-08-13 17:50:09.160830,car,0.52
2026-08-13 17:50:09.160830,car,0.51
2026-08-13 17:50:09.160830,car,0.49
2026-08-13 17:50:09.160830,car,0.42
2026-08-13 17:50:09.160830,car,0.41
2026-08-13 17:50:09.160830,car,0.39
2026-08-13 17:50:09.160830,bus,0.36
2026-08-13 17:50:09.162856,motorcycle,0.34
2026-08-13 17:50:09.162856,car,0.34
2026-08-13 17:50:09.162856,bus,0.34
2026-08-13 17:50:09.162856,motorcycle,0.3
2026-08-13 17:50:09.283848,car,0.74
2026-08-13 17:50:09.283848,car,0.71
2026-08-13 17:50:09.283848,bus,0.7
2026-08-13 17:50:09.283848,car,0.7
2026-08-13 17:50:09.283848,car,0.69
2026-08-13 17:50:09.283848,car,0.68
2026-08-13 17:50:09.283848,motorcycle,0.68
2026-08-13 17:50:09.283848,car,0.62
2026-08-13 17:50:09.283848,bus,0.55
2026-08-13 17:50:09.283848,car,0.52
2026-08-13 17:50:09.283848,car,0.52
2026-08-13 17:50:09.283848,car,0.51
2026-08-13 17:50:09.283848,car,0.49
2026-08-13 17:50:09.283848,car,0.49
2026-08-13 17:50:09.283848,car,0.47
2026-08-13 17:50:09.283848,car,0.44
2026-08-13 17:50:09.283848,bus,0.35
2026-08-13 17:50:09.285858,car,0.32
2026-08-13 17:50:09.285858,bus,0.29
2026-08-13 17:50:09.285858,car,0.28
2026-08-13 17:50:09.285858,person,0.27
2026-08-13 17:50:09.405002,car,0.77
2026-08-13 17:50:09.405002,car,0.72
2026-08-13 17:50:09.405002,car,0.71
2026-08-13 17:50:09.405002,motorcycle,0.71
2026-08-13 17:50:09.405002,car,0.71
2026-08-13 17:50:09.405002,car,0.69
2026-08-13 17:50:09.407007,bus,0.59
2026-08-13 17:50:09.407007,car,0.57
2026-08-13 17:50:09.407007,car,0.54
2026-08-13 17:50:09.407007,car,0.53
2026-08-13 17:50:09.407007,car,0.49
2026-08-13 17:50:09.407007,car,0.49
2026-08-13 17:50:09.407007,bus,0.49
2026-08-13 17:50:09.407007,car,0.47
2026-08-13 17:50:09.407007,car,0.45
2026-08-13 17:50:09.407007,car,0.44
2026-08-13 17:50:09.407007,motorcycle,0.36
2026-08-13 17:50:09.407007,car,0.36
2026-08-13 17:50:09.407007,bus,0.3
2026-08-13 17:50:09.407007,car,0.26
2026-08-13 17:50:09.528031,car,0.75
2026-08-13 17:50:09.529036,car,0.73
2026-08-13 17:50:09.529036,car,0.68
2026-08-13 17:50:09.529036,car,0.67
2026-08-13 17:50:09.529036,car,0.67
2026-08-13 17:50:09.529036,motorcycle,0.64
2026-08-13 17:50:09.529036,bus,0.62
2026-08-13 17:50:09.529036,car,0.59
2026-08-13 17:50:09.529036,bus,0.57
2026-08-13 17:50:09.529036,car,0.55
2026-08-13 17:50:09.529036,car,0.53
2026-08-13 17:50:09.529036,car,0.52
2026-08-13 17:50:09.529036,car,0.48
2026-08-13 17:50:09.529036,car,0.47
2026-08-13 17:50:09.529036,car,0.42
2026-08-13 17:50:09.531086,car,0.42
2026-08-13 17:50:09.531086,bus,0.41
2026-08-13 17:50:09.531086,motorcycle,0.35
2026-08-13 17:50:09.531086,car,0.34
2026-08-13 17:50:09.531086,bus,0.29
2026-08-13 17:50:09.531086,person,0.27
2026-08-13 17:50:09.531086,bus,0.26
2026-08-13 17:50:09.643247,car,0.76
2026-08-13 17:50:09.643247,car,0.75
2026-08-13 17:50:09.645253,car,0.69
2026-08-13 17:50:09.645253,car,0.67
2026-08-13 17:50:09.645253,car,0.64
2026-08-13 17:50:09.645253,car,0.63
2026-08-13 17:50:09.645253,bus,0.62
2026-08-13 17:50:09.645253,bus,0.58
2026-08-13 17:50:09.645253,car,0.55
2026-08-13 17:50:09.645253,car,0.54
2026-08-13 17:50:09.645253,car,0.53
2026-08-13 17:50:09.645253,motorcycle,0.53
2026-08-13 17:50:09.645253,car,0.49
2026-08-13 17:50:09.645253,motorcycle,0.48
2026-08-13 17:50:09.645253,car,0.47
2026-08-13 17:50:09.645253,car,0.46
2026-08-13 17:50:09.645253,bus,0.44
2026-08-13 17:50:09.645253,car,0.44
2026-08-13 17:50:09.645253,car,0.42
2026-08-13 17:50:09.645253,person,0.37
2026-08-13 17:50:09.645253,car,0.31
2026-08-13 17:50:09.645253,person,0.29
2026-08-13 17:50:09.645253,bus,0.28
2026-08-13 17:50:09.645253,motorcycle,0.27
2026-08-13 17:50:09.645253,car,0.27
2026-08-13 17:50:09.645253,person,0.26
2026-08-13 17:50:09.645253,bus,0.25
2026-08-13 17:50:09.770657,car,0.79
2026-08-13 17:50:09.770657,car,0.75
2026-08-13 17:50:09.770657,bus,0.73
2026-08-13 17:50:09.770657,car,0.72
2026-08-13 17:50:09.770657,car,0.69
2026-08-13 17:50:09.770657,car,0.68
2026-08-13 17:50:09.770657,car,0.61
2026-08-13 17:50:09.773163,car,0.61
2026-08-13 17:50:09.773163,car,0.57
2026-08-13 17:50:09.773163,car,0.55
2026-08-13 17:50:09.773163,car,0.54
2026-08-13 17:50:09.773163,bus,0.53
2026-08-13 17:50:09.773163,car,0.49
2026-08-13 17:50:09.773163,motorcycle,0.48
2026-08-13 17:50:09.773163,car,0.48
2026-08-13 17:50:09.773163,bus,0.44
2026-08-13 17:50:09.773163,motorcycle,0.43
2026-08-13 17:50:09.773163,person,0.41
2026-08-13 17:50:09.773163,car,0.41
2026-08-13 17:50:09.773163,car,0.37
2026-08-13 17:50:09.773163,car,0.33
2026-08-13 17:50:09.773163,motorcycle,0.33
2026-08-13 17:50:09.773163,bus,0.32
2026-08-13 17:50:09.773163,bus,0.29
2026-08-13 17:50:09.775902,car,0.28
2026-08-13 17:50:09.775902,car,0.28
2026-08-13 17:50:09.889037,car,0.8
2026-08-13 17:50:09.889037,car,0.79
2026-08-13 17:50:09.889037,car,0.7
2026-08-13 17:50:09.889037,car,0.69
2026-08-13 17:50:09.889037,bus,0.67
2026-08-13 17:50:09.889037,car,0.67
2026-08-13 17:50:09.889037,car,0.61
2026-08-13 17:50:09.889037,car,0.61
2026-08-13 17:50:09.889037,car,0.57
2026-08-13 17:50:09.889037,car,0.55
2026-08-13 17:50:09.889037,bus,0.55
2026-08-13 17:50:09.889037,car,0.54
2026-08-13 17:50:09.889037,bus,0.54
2026-08-13 17:50:09.889037,motorcycle,0.5
2026-08-13 17:50:09.889037,motorcycle,0.48
2026-08-13 17:50:09.889037,car,0.46
2026-08-13 17:50:09.889037,car,0.46
2026-08-13 17:50:09.889037,person,0.43
2026-08-13 17:50:09.889037,car,0.41
2026-08-13 17:50:09.893642,car,0.39
2026-08-13 17:50:09.893642,car,0.31
2026-08-13 17:50:09.893642,truck,0.3
2026-08-13 17:50:09.893642,person,0.3
2026-08-13 17:50:09.893642,car,0.29
2026-08-13 17:50:09.893642,bus,0.27
2026-08-13 17:50:09.893642,person,0.25
2026-08-13 17:50:10.006032,car,0.8
2026-08-13 17:50:10.006032,car,0.78
2026-08-13 17:50:10.006032,car,0.73
2026-08-13 17:50:10.006032,car,0.65
2026-08-13 17:50:10.007552,bus,0.64
2026-08-13 17:50:10.007552,car,0.62
2026-08-13 17:50:10.007552,car,0.62
2026-08-13 17:50:10.007552,car,0.57
2026-08-13 17:50:10.007552,bus,0.55
2026-08-13 17:50:10.007552,car,0.54
2026-08-13 17:50:10.007552,car,0.54
2026-08-13 17:50:10.007552,car,0.52
2026-08-13 17:50:10.007552,car,0.49
2026-08-13 17:50:10.007552,car,0.48
2026-08-13 17:50:10.007552,bus,0.47
2026-08-13 17:50:10.007552,motorcycle,0.46
2026-08-13 17:50:10.007552,car,0.45
2026-08-13 17:50:10.007552,car,0.44
2026-08-13 17:50:10.007552,person,0.44
2026-08-13 17:50:10.007552,motorcycle,0.32
2026-08-13 17:50:10.007552,person,0.3
2026-08-13 17:50:10.007552,bus,0.29
2026-08-13 17:50:10.007552,car,0.28
2026-08-13 17:50:10.007552,person,0.27
2026-08-13 17:50:10.007552,bus,0.27
2026-08-13 17:50:10.009135,car,0.27
2026-08-13 17:50:10.128016,car,0.78
2026-08-13 17:50:10.128016,car,0.77
2026-08-13 17:50:10.128016,car,0.71
2026-08-13 17:50:10.128016,bus,0.66
2026-08-13 17:50:10.128016,car,0.66
2026-08-13 17:50:10.128016,car,0.65
2026-08-13 17:50:10.128016,car,0.61
2026-08-13 17:50:10.128016,car,0.58
2026-08-13 17:50:10.128016,car,0.57
2026-08-13 17:50:10.128016,car,0.55
2026-08-13 17:50:10.128016,bus,0.54
2026-08-13 17:50:10.128016,bus,0.49
2026-08-13 17:50:10.129021,car,0.48
2026-08-13 17:50:10.129021,car,0.46
2026-08-13 17:50:10.129021,car,0.46
2026-08-13 17:50:10.129021,person,0.45
2026-08-13 17:50:10.129021,car,0.44
2026-08-13 17:50:10.129021,bus,0.41
2026-08-13 17:50:10.129021,motorcycle,0.4
2026-08-13 17:50:10.129021,car,0.37
2026-08-13 17:50:10.129021,person,0.36
2026-08-13 17:50:10.129021,motorcycle,0.36
2026-08-13 17:50:10.129021,car,0.31
2026-08-13 17:50:10.129021,car,0.31
2026-08-13 17:50:10.129021,truck,0.3
2026-08-13 17:50:10.129021,person,0.28
2026-08-13 17:50:10.129021,person,0.26
2026-08-13 17:50:10.255125,car,0.77
2026-08-13 17:50:10.255125,car,0.76
2026-08-13 17:50:10.255125,car,0.7
2026-08-13 17:50:10.255125,bus,0.7
2026-08-13 17:50:10.255125,car,0.63
2026-08-13 17:50:10.255125,car,0.63
2026-08-13 17:50:10.255125,car,0.59
2026-08-13 17:50:10.255125,car,0.58
2026-08-13 17:50:10.255125,car,0.55
2026-08-13 17:50:10.255125,car,0.54
2026-08-13 17:50:10.255125,car,0.52
2026-08-13 17:50:10.255125,car,0.51
2026-08-13 17:50:10.255125,bus,0.5
2026-08-13 17:50:10.255125,person,0.47
2026-08-13 17:50:10.255125,car,0.46
2026-08-13 17:50:10.255125,bus,0.46
2026-08-13 17:50:10.255125,car,0.44
2026-08-13 17:50:10.255125,motorcycle,0.38
2026-08-13 17:50:10.255125,motorcycle,0.36
2026-08-13 17:50:10.255125,car,0.35
2026-08-13 17:50:10.255125,person,0.33
2026-08-13 17:50:10.255125,bus,0.33
2026-08-13 17:50:10.255125,person,0.33
2026-08-13 17:50:10.255125,car,0.32
2026-08-13 17:50:10.255125,car,0.32
2026-08-13 17:50:10.375800,car,0.75
2026-08-13 17:50:10.375800,car,0.69
2026-08-13 17:50:10.375800,bus,0.67
2026-08-13 17:50:10.375800,car,0.66
2026-08-13 17:50:10.375800,car,0.63
2026-08-13 17:50:10.375800,car,0.61
2026-08-13 17:50:10.375800,car,0.61
2026-08-13 17:50:10.375800,bus,0.6
2026-08-13 17:50:10.375800,car,0.55
2026-08-13 17:50:10.375800,car,0.52
2026-08-13 17:50:10.375800,car,0.51
2026-08-13 17:50:10.375800,motorcycle,0.46
2026-08-13 17:50:10.375800,person,0.45
2026-08-13 17:50:10.377807,car,0.45
2026-08-13 17:50:10.377807,car,0.45
2026-08-13 17:50:10.377807,car,0.4
2026-08-13 17:50:10.377807,car,0.39
2026-08-13 17:50:10.377807,truck,0.35
2026-08-13 17:50:10.377807,motorcycle,0.32
2026-08-13 17:50:10.377807,bus,0.32
2026-08-13 17:50:10.377807,car,0.31
2026-08-13 17:50:10.378813,person,0.3
2026-08-13 17:50:10.378813,person,0.29
2026-08-13 17:50:10.378813,car,0.26
2026-08-13 17:50:10.378813,person,0.26
2026-08-13 17:50:10.493582,car,0.76
2026-08-13 17:50:10.493582,bus,0.74
2026-08-13 17:50:10.493582,car,0.73
2026-08-13 17:50:10.493582,car,0.71
2026-08-13 17:50:10.493582,bus,0.65
2026-08-13 17:50:10.493582,car,0.63
2026-08-13 17:50:10.493582,car,0.63
2026-08-13 17:50:10.493582,car,0.61
2026-08-13 17:50:10.496087,car,0.52
2026-08-13 17:50:10.496087,car,0.52
2026-08-13 17:50:10.496087,car,0.5
2026-08-13 17:50:10.496087,car,0.47
2026-08-13 17:50:10.496087,person,0.44
2026-08-13 17:50:10.496087,motorcycle,0.43
2026-08-13 17:50:10.496087,car,0.43
2026-08-13 17:50:10.496087,car,0.42
2026-08-13 17:50:10.496087,car,0.41
2026-08-13 17:50:10.496087,car,0.36
2026-08-13 17:50:10.496087,person,0.31
2026-08-13 17:50:10.496087,truck,0.31
2026-08-13 17:50:10.496087,car,0.3
2026-08-13 17:50:10.496087,bus,0.28
2026-08-13 17:50:10.496087,car,0.26
2026-08-13 17:50:10.610530,bus,0.79
2026-08-13 17:50:10.610530,car,0.74
2026-08-13 17:50:10.610530,car,0.7
2026-08-13 17:50:10.610530,car,0.7
2026-08-13 17:50:10.610530,car,0.68
2026-08-13 17:50:10.610530,bus,0.67
2026-08-13 17:50:10.613159,car,0.66
2026-08-13 17:50:10.613159,car,0.65
2026-08-13 17:50:10.613159,car,0.49
2026-08-13 17:50:10.613159,car,0.48
2026-08-13 17:50:10.613159,car,0.46
2026-08-13 17:50:10.613159,person,0.46
2026-08-13 17:50:10.613159,car,0.44
2026-08-13 17:50:10.613159,motorcycle,0.42
2026-08-13 17:50:10.613159,car,0.42
2026-08-13 17:50:10.613159,car,0.41
2026-08-13 17:50:10.613159,truck,0.36
2026-08-13 17:50:10.613159,car,0.32
2026-08-13 17:50:10.613159,car,0.31
2026-08-13 17:50:10.613159,person,0.3
2026-08-13 17:50:10.613159,bus,0.29
2026-08-13 17:50:10.615182,car,0.27
2026-08-13 17:50:10.720789,bus,0.84
2026-08-13 17:50:10.720789,car,0.75
2026-08-13 17:50:10.720789,car,0.73
2026-08-13 17:50:10.720789,car,0.68
2026-08-13 17:50:10.720789,bus,0.68
2026-08-13 17:50:10.720789,car,0.66
2026-08-13 17:50:10.720789,car,0.65
2026-08-13 17:50:10.720789,car,0.65
2026-08-13 17:50:10.720789,car,0.48
2026-08-13 17:50:10.720789,car,0.48
2026-08-13 17:50:10.720789,car,0.47
2026-08-13 17:50:10.720789,person,0.47
2026-08-13 17:50:10.720789,car,0.47
2026-08-13 17:50:10.720789,motorcycle,0.45
2026-08-13 17:50:10.720789,car,0.41
2026-08-13 17:50:10.720789,car,0.4
2026-08-13 17:50:10.720789,car,0.39
2026-08-13 17:50:10.720789,car,0.34
2026-08-13 17:50:10.720789,truck,0.32
2026-08-13 17:50:10.720789,bus,0.32
2026-08-13 17:50:10.720789,car,0.31
2026-08-13 17:50:10.720789,car,0.3
2026-08-13 17:50:10.720789,person,0.29
2026-08-13 17:50:10.855985,bus,0.84
2026-08-13 17:50:10.855985,car,0.76
2026-08-13 17:50:10.855985,car,0.75
2026-08-13 17:50:10.855985,car,0.7
2026-08-13 17:50:10.855985,car,0.69
2026-08-13 17:50:10.855985,bus,0.67
2026-08-13 17:50:10.855985,car,0.65
2026-08-13 17:50:10.855985,car,0.63
2026-08-13 17:50:10.855985,car,0.52
2026-08-13 17:50:10.855985,car,0.52
2026-08-13 17:50:10.855985,car,0.5
2026-08-13 17:50:10.855985,car,0.49
2026-08-13 17:50:10.855985,motorcycle,0.44
2026-08-13 17:50:10.855985,car,0.44
2026-08-13 17:50:10.855985,person,0.42
2026-08-13 17:50:10.855985,car,0.39
2026-08-13 17:50:10.859010,car,0.38
2026-08-13 17:50:10.859010,car,0.36
2026-08-13 17:50:10.859010,car,0.33
2026-08-13 17:50:10.859010,bus,0.32
2026-08-13 17:50:10.859010,car,0.3
2026-08-13 17:50:10.859010,person,0.27
2026-08-13 17:50:10.969034,bus,0.85
2026-08-13 17:50:10.969034,car,0.76
2026-08-13 17:50:10.969034,car,0.75
2026-08-13 17:50:10.978216,car,0.73
2026-08-13 17:50:10.978216,car,0.73
2026-08-13 17:50:10.978216,car,0.66
2026-08-13 17:50:10.978216,bus,0.65
2026-08-13 17:50:10.978823,car,0.61
2026-08-13 17:50:10.978823,car,0.61
2026-08-13 17:50:10.978823,car,0.48
2026-08-13 17:50:10.978823,car,0.47
2026-08-13 17:50:10.978823,car,0.46
2026-08-13 17:50:10.978823,car,0.45
2026-08-13 17:50:10.978823,person,0.44
2026-08-13 17:50:10.978823,car,0.4
2026-08-13 17:50:10.978823,car,0.38
2026-08-13 17:50:10.978823,truck,0.37
2026-08-13 17:50:10.978823,motorcycle,0.34
2026-08-13 17:50:10.978823,bus,0.33
2026-08-13 17:50:10.978823,person,0.32
2026-08-13 17:50:10.978823,car,0.32
2026-08-13 17:50:10.978823,car,0.31
2026-08-13 17:50:10.980913,car,0.29
2026-08-13 17:50:11.091067,bus,0.83
2026-08-13 17:50:11.091067,car,0.75
2026-08-13 17:50:11.091067,car,0.74
2026-08-13 17:50:11.091067,car,0.72
2026-08-13 17:50:11.093072,car,0.69
2026-08-13 17:50:11.093072,car,0.66
2026-08-13 17:50:11.093072,bus,0.64
2026-08-13 17:50:11.093072,car,0.62
2026-08-13 17:50:11.093072,car,0.61
2026-08-13 17:50:11.093072,car,0.6
2026-08-13 17:50:11.093072,car,0.47
2026-08-13 17:50:11.093072,person,0.44
2026-08-13 17:50:11.093072,car,0.44
2026-08-13 17:50:11.093072,car,0.42
2026-08-13 17:50:11.093072,car,0.42
2026-08-13 17:50:11.093072,car,0.41
2026-08-13 17:50:11.093072,truck,0.37
2026-08-13 17:50:11.093072,car,0.36
2026-08-13 17:50:11.095077,bus,0.34
2026-08-13 17:50:11.095077,car,0.32
2026-08-13 17:50:11.095077,motorcycle,0.32
2026-08-13 17:50:11.095077,car,0.31
2026-08-13 17:50:11.200665,bus,0.83
2026-08-13 17:50:11.200665,car,0.75
2026-08-13 17:50:11.200665,car,0.75
2026-08-13 17:50:11.200665,car,0.69
2026-08-13 17:50:11.200665,car,0.67
2026-08-13 17:50:11.200665,bus,0.65
2026-08-13 17:50:11.200665,car,0.61
2026-08-13 17:50:11.200665,car,0.6
2026-08-13 17:50:11.200665,car,0.59
2026-08-13 17:50:11.200665,car,0.57
2026-08-13 17:50:11.200665,car,0.51
2026-08-13 17:50:11.200665,car,0.48
2026-08-13 17:50:11.200665,person,0.46
2026-08-13 17:50:11.200665,car,0.44
2026-08-13 17:50:11.200665,car,0.42
2026-08-13 17:50:11.200665,car,0.4
2026-08-13 17:50:11.200665,bus,0.36
2026-08-13 17:50:11.200665,car,0.34
2026-08-13 17:50:11.200665,car,0.3
2026-08-13 17:50:11.200665,motorcycle,0.3
2026-08-13 17:50:11.324112,bus,0.83
2026-08-13 17:50:11.324112,car,0.8
2026-08-13 17:50:11.324112,car,0.75
2026-08-13 17:50:11.324112,bus,0.72
2026-08-13 17:50:11.324112,car,0.7
2026-08-13 17:50:11.324112,car,0.68
2026-08-13 17:50:11.324112,car,0.6
2026-08-13 17:50:11.325647,car,0.58
2026-08-13 17:50:11.325647,car,0.54
2026-08-13 17:50:11.325647,car,0.52
2026-08-13 17:50:11.325647,car,0.49
2026-08-13 17:50:11.325647,car,0.48
2026-08-13 17:50:11.325647,bus,0.42
2026-08-13 17:50:11.325647,person,0.41
2026-08-13 17:50:11.325647,car,0.39
2026-08-13 17:50:11.325647,car,0.38
2026-08-13 17:50:11.325647,car,0.37
2026-08-13 17:50:11.325647,car,0.37
2026-08-13 17:50:11.325647,car,0.34
2026-08-13 17:50:11.325647,car,0.29
2026-08-13 17:50:11.325647,motorcycle,0.28
2026-08-13 17:50:11.325647,car,0.27
2026-08-13 17:50:11.441668,bus,0.87
2026-08-13 17:50:11.441668,car,0.79
2026-08-13 17:50:11.441668,car,0.74
2026-08-13 17:50:11.441668,car,0.72
2026-08-13 17:50:11.441668,bus,0.7
2026-08-13 17:50:11.443678,car,0.64
2026-08-13 17:50:11.443678,car,0.64
2026-08-13 17:50:11.443678,car,0.59
2026-08-13 17:50:11.443678,car,0.48
2026-08-13 17:50:11.443678,car,0.48
2026-08-13 17:50:11.443678,car,0.47
2026-08-13 17:50:11.443678,car,0.45
2026-08-13 17:50:11.443678,car,0.43
2026-08-13 17:50:11.443678,bus,0.42
2026-08-13 17:50:11.443678,car,0.39
2026-08-13 17:50:11.443678,car,0.39
2026-08-13 17:50:11.443678,person,0.38
2026-08-13 17:50:11.443678,car,0.36
2026-08-13 17:50:11.443678,car,0.31
2026-08-13 17:50:11.443678,car,0.3
2026-08-13 17:50:11.443678,motorcycle,0.29
2026-08-13 17:50:11.443678,car,0.25
2026-08-13 17:50:11.548711,bus,0.85
2026-08-13 17:50:11.548711,car,0.8
2026-08-13 17:50:11.548711,car,0.74
2026-08-13 17:50:11.548711,car,0.71
2026-08-13 17:50:11.548711,bus,0.68
2026-08-13 17:50:11.548711,car,0.66
2026-08-13 17:50:11.548711,car,0.62
2026-08-13 17:50:11.548711,car,0.56
2026-08-13 17:50:11.548711,car,0.54
2026-08-13 17:50:11.548711,car,0.46
2026-08-13 17:50:11.548711,car,0.46
2026-08-13 17:50:11.548711,car,0.46
2026-08-13 17:50:11.548711,car,0.43
2026-08-13 17:50:11.548711,car,0.39
2026-08-13 17:50:11.548711,car,0.39
2026-08-13 17:50:11.548711,car,0.38
2026-08-13 17:50:11.548711,car,0.37
2026-08-13 17:50:11.548711,car,0.33
2026-08-13 17:50:11.548711,bus,0.33
2026-08-13 17:50:11.548711,person,0.29
2026-08-13 17:50:11.548711,motorcycle,0.25
2026-08-13 17:50:11.548711,car,0.25
2026-08-13 17:50:11.665613,bus,0.83
2026-08-13 17:50:11.665613,car,0.79
2026-08-13 17:50:11.665613,car,0.7
2026-08-13 17:50:11.665613,car,0.7
2026-08-13 17:50:11.665613,car,0.64
2026-08-13 17:50:11.665613,bus,0.64
2026-08-13 17:50:11.665613,car,0.57
2026-08-13 17:50:11.665613,car,0.52
2026-08-13 17:50:11.665613,car,0.49
2026-08-13 17:50:11.668641,car,0.48
2026-08-13 17:50:11.668641,car,0.46
2026-08-13 17:50:11.668641,car,0.43
2026-08-13 17:50:11.668641,car,0.4
2026-08-13 17:50:11.669247,car,0.39
2026-08-13 17:50:11.669247,car,0.38
2026-08-13 17:50:11.669247,car,0.37
2026-08-13 17:50:11.669247,car,0.37
2026-08-13 17:50:11.669247,person,0.35
2026-08-13 17:50:11.669247,car,0.34
2026-08-13 17:50:11.669247,bus,0.34
2026-08-13 17:50:11.669247,motorcycle,0.29
2026-08-13 17:50:11.669247,motorcycle,0.26
2026-08-13 17:50:11.669247,car,0.26
2026-08-13 17:50:11.788056,bus,0.76
2026-08-13 17:50:11.788570,car,0.75
2026-08-13 17:50:11.788570,car,0.71
2026-08-13 17:50:11.788570,car,0.7
2026-08-13 17:50:11.788570,car,0.68
2026-08-13 17:50:11.788570,car,0.65
2026-08-13 17:50:11.788570,bus,0.58
2026-08-13 17:50:11.788570,car,0.54
2026-08-13 17:50:11.788570,car,0.46
2026-08-13 17:50:11.788570,car,0.44
2026-08-13 17:50:11.788570,car,0.44
2026-08-13 17:50:11.788570,car,0.44
2026-08-13 17:50:11.788570,motorcycle,0.39
2026-08-13 17:50:11.788570,car,0.38
2026-08-13 17:50:11.788570,car,0.37
2026-08-13 17:50:11.788570,car,0.37
2026-08-13 17:50:11.790618,car,0.36
2026-08-13 17:50:11.790618,car,0.33
2026-08-13 17:50:11.790618,car,0.33
2026-08-13 17:50:11.790618,bus,0.32
2026-08-13 17:50:11.790618,car,0.32
2026-08-13 17:50:11.790618,motorcycle,0.26
2026-08-13 17:50:11.908944,bus,0.79
2026-08-13 17:50:11.908944,car,0.76
2026-08-13 17:50:11.908944,car,0.76
2026-08-13 17:50:11.911043,car,0.71
2026-08-13 17:50:11.911043,car,0.68
2026-08-13 17:50:11.911043,car,0.66
2026-08-13 17:50:11.911043,bus,0.59
2026-08-13 17:50:11.911043,car,0.54
2026-08-13 17:50:11.911043,car,0.51
2026-08-13 17:50:11.911043,car,0.46
2026-08-13 17:50:11.912049,car,0.43
2026-08-13 17:50:11.912049,car,0.4
2026-08-13 17:50:11.912049,car,0.39
2026-08-13 17:50:11.912049,car,0.38
2026-08-13 17:50:11.912049,bus,0.36
2026-08-13 17:50:11.912049,car,0.34
2026-08-13 17:50:11.912049,car,0.34
2026-08-13 17:50:11.912049,car,0.31
2026-08-13 17:50:11.912049,motorcycle,0.29
2026-08-13 17:50:11.912049,car,0.28
2026-08-13 17:50:11.912049,motorcycle,0.28
2026-08-13 17:50:11.912049,motorcycle,0.27
2026-08-13 17:50:12.029015,bus,0.81
2026-08-13 17:50:12.029015,car,0.78
2026-08-13 17:50:12.029015,car,0.78
2026-08-13 17:50:12.029015,car,0.69
2026-08-13 17:50:12.029015,car,0.67
2026-08-13 17:50:12.031114,car,0.66
2026-08-13 17:50:12.031114,bus,0.59
2026-08-13 17:50:12.031114,car,0.58
2026-08-13 17:50:12.031114,car,0.53
2026-08-13 17:50:12.031114,car,0.49
2026-08-13 17:50:12.031114,car,0.47
2026-08-13 17:50:12.031114,car,0.45
2026-08-13 17:50:12.031114,bus,0.41
2026-08-13 17:50:12.031114,car,0.37
2026-08-13 17:50:12.031114,person,0.29
2026-08-13 17:50:12.031114,motorcycle,0.29
2026-08-13 17:50:12.031114,car,0.28
2026-08-13 17:50:12.033133,person,0.27
2026-08-13 17:50:12.033133,person,0.26
2026-08-13 17:50:12.033133,motorcycle,0.26
2026-08-13 17:50:12.033133,motorcycle,0.25
2026-08-13 17:50:12.140703,bus,0.81
2026-08-13 17:50:12.140703,car,0.74
2026-08-13 17:50:12.140703,car,0.72
2026-08-13 17:50:12.140703,car,0.7
2026-08-13 17:50:12.140703,car,0.66
2026-08-13 17:50:12.140703,car,0.64
2026-08-13 17:50:12.140703,car,0.64
2026-08-13 17:50:12.146030,bus,0.56
2026-08-13 17:50:12.146030,car,0.51
2026-08-13 17:50:12.146030,car,0.47
2026-08-13 17:50:12.146030,car,0.46
2026-08-13 17:50:12.146030,car,0.42
2026-08-13 17:50:12.146030,car,0.39
2026-08-13 17:50:12.146030,bus,0.37
2026-08-13 17:50:12.146030,person,0.33
2026-08-13 17:50:12.146030,person,0.28
2026-08-13 17:50:12.146030,motorcycle,0.26
2026-08-13 17:50:12.146030,motorcycle,0.26
2026-08-13 17:50:12.146030,car,0.25
2026-08-13 17:50:12.260689,bus,0.86
2026-08-13 17:50:12.260689,car,0.72
2026-08-13 17:50:12.260689,car,0.71
2026-08-13 17:50:12.260689,car,0.66
2026-08-13 17:50:12.260689,car,0.65
2026-08-13 17:50:12.260689,car,0.59
2026-08-13 17:50:12.260689,bus,0.56
2026-08-13 17:50:12.260689,car,0.55
2026-08-13 17:50:12.260689,car,0.47
2026-08-13 17:50:12.260689,car,0.45
2026-08-13 17:50:12.262698,car,0.44
2026-08-13 17:50:12.262698,car,0.44
2026-08-13 17:50:12.262698,bus,0.39
2026-08-13 17:50:12.262698,person,0.39
2026-08-13 17:50:12.262698,car,0.35
2026-08-13 17:50:12.262698,car,0.26
2026-08-13 17:50:12.262698,car,0.26
2026-08-13 17:50:12.262698,motorcycle,0.26
2026-08-13 17:50:12.262698,car,0.26
2026-08-13 17:50:12.262698,car,0.25
2026-08-13 17:50:12.265713,car,0.25
2026-08-13 17:50:12.378742,bus,0.78
2026-08-13 17:50:12.378742,car,0.73
2026-08-13 17:50:12.378742,car,0.68
2026-08-13 17:50:12.380796,car,0.68
2026-08-13 17:50:12.380796,car,0.63
2026-08-13 17:50:12.380796,car,0.6
2026-08-13 17:50:12.380796,car,0.57
2026-08-13 17:50:12.380796,bus,0.54
2026-08-13 17:50:12.380796,car,0.54
2026-08-13 17:50:12.380796,bus,0.44
2026-08-13 17:50:12.380796,car,0.43
2026-08-13 17:50:12.380796,car,0.42
2026-08-13 17:50:12.380796,car,0.42
2026-08-13 17:50:12.380796,car,0.41
2026-08-13 17:50:12.380796,car,0.4
2026-08-13 17:50:12.380796,car,0.38
2026-08-13 17:50:12.380796,truck,0.34
2026-08-13 17:50:12.380796,motorcycle,0.33
2026-08-13 17:50:12.380796,car,0.29
2026-08-13 17:50:12.380796,car,0.29
2026-08-13 17:50:12.380796,car,0.26
2026-08-13 17:50:12.380796,person,0.25
2026-08-13 17:50:12.498601,bus,0.81
2026-08-13 17:50:12.500349,car,0.72
2026-08-13 17:50:12.500349,car,0.7
2026-08-13 17:50:12.500349,car,0.69
2026-08-13 17:50:12.500349,car,0.67
2026-08-13 17:50:12.500349,car,0.62
2026-08-13 17:50:12.500349,bus,0.59
2026-08-13 17:50:12.500349,car,0.54
2026-08-13 17:50:12.500349,bus,0.5
2026-08-13 17:50:12.500349,car,0.47
2026-08-13 17:50:12.500349,car,0.46
2026-08-13 17:50:12.500349,car,0.46
2026-08-13 17:50:12.500349,car,0.45
2026-08-13 17:50:12.500349,truck,0.4
2026-08-13 17:50:12.500349,car,0.39
2026-08-13 17:50:12.500349,car,0.34
2026-08-13 17:50:12.500349,motorcycle,0.33
2026-08-13 17:50:12.500349,person,0.3
2026-08-13 17:50:12.501855,car,0.29
2026-08-13 17:50:12.501855,motorcycle,0.28
2026-08-13 17:50:12.501855,car,0.27
2026-08-13 17:50:12.680761,bus,0.81
2026-08-13 17:50:12.680761,car,0.73
2026-08-13 17:50:12.680761,car,0.72
2026-08-13 17:50:12.680761,car,0.72
2026-08-13 17:50:12.680761,car,0.65
2026-08-13 17:50:12.680761,car,0.59
2026-08-13 17:50:12.680761,bus,0.59
2026-08-13 17:50:12.680761,car,0.53
2026-08-13 17:50:12.680761,car,0.52
2026-08-13 17:50:12.680761,car,0.51
2026-08-13 17:50:12.680761,bus,0.5
2026-08-13 17:50:12.680761,car,0.48
2026-08-13 17:50:12.680761,car,0.4
2026-08-13 17:50:12.680761,car,0.4
2026-08-13 17:50:12.680761,motorcycle,0.39
2026-08-13 17:50:12.680761,truck,0.37
2026-08-13 17:50:12.680761,car,0.36
2026-08-13 17:50:12.680761,motorcycle,0.34
2026-08-13 17:50:12.680761,person,0.3
2026-08-13 17:50:12.680761,motorcycle,0.29
2026-08-13 17:50:12.680761,car,0.28
2026-08-13 17:50:12.680761,car,0.28
2026-08-13 17:50:12.680761,truck,0.26
2026-08-13 17:50:12.802610,bus,0.8
2026-08-13 17:50:12.802610,car,0.76
2026-08-13 17:50:12.802610,car,0.73
2026-08-13 17:50:12.802610,car,0.71
2026-08-13 17:50:12.802610,car,0.68
2026-08-13 17:50:12.802610,car,0.68
2026-08-13 17:50:12.802610,car,0.66
2026-08-13 17:50:12.802610,bus,0.58
2026-08-13 17:50:12.802610,car,0.56
2026-08-13 17:50:12.802610,car,0.51
2026-08-13 17:50:12.802610,car,0.51
2026-08-13 17:50:12.802610,bus,0.48
2026-08-13 17:50:12.805981,car,0.45
2026-08-13 17:50:12.805981,motorcycle,0.4
2026-08-13 17:50:12.805981,motorcycle,0.37
2026-08-13 17:50:12.805981,car,0.36
2026-08-13 17:50:12.805981,car,0.35
2026-08-13 17:50:12.805981,car,0.31
2026-08-13 17:50:12.805981,motorcycle,0.29
2026-08-13 17:50:12.805981,car,0.29
2026-08-13 17:50:12.805981,car,0.26
2026-08-13 17:50:12.805981,person,0.25
2026-08-13 17:50:12.925711,car,0.78
2026-08-13 17:50:12.925711,bus,0.77
2026-08-13 17:50:12.925711,car,0.69
2026-08-13 17:50:12.925711,car,0.69
2026-08-13 17:50:12.925711,car,0.69
2026-08-13 17:50:12.925711,car,0.68
2026-08-13 17:50:12.925711,car,0.66
2026-08-13 17:50:12.925711,car,0.6
2026-08-13 17:50:12.925711,bus,0.59
2026-08-13 17:50:12.925711,car,0.57
2026-08-13 17:50:12.925711,car,0.53
2026-08-13 17:50:12.925711,bus,0.47
2026-08-13 17:50:12.925711,truck,0.37
2026-08-13 17:50:12.925711,car,0.36
2026-08-13 17:50:12.925711,car,0.35
2026-08-13 17:50:12.925711,motorcycle,0.35
2026-08-13 17:50:12.925711,motorcycle,0.34
2026-08-13 17:50:12.925711,motorcycle,0.34
2026-08-13 17:50:12.925711,car,0.33
2026-08-13 17:50:12.925711,car,0.31
2026-08-13 17:50:12.925711,truck,0.29
2026-08-13 17:50:12.925711,car,0.28
2026-08-13 17:50:12.927719,car,0.28
2026-08-13 17:50:12.927719,motorcycle,0.26
2026-08-13 17:50:13.046620,bus,0.83
2026-08-13 17:50:13.046620,car,0.81
2026-08-13 17:50:13.046620,car,0.71
2026-08-13 17:50:13.046620,car,0.7
2026-08-13 17:50:13.046620,car,0.69
2026-08-13 17:50:13.046620,car,0.69
2026-08-13 17:50:13.046620,car,0.68
2026-08-13 17:50:13.046620,car,0.65
2026-08-13 17:50:13.046620,car,0.6
2026-08-13 17:50:13.046620,car,0.59
2026-08-13 17:50:13.046620,bus,0.57
2026-08-13 17:50:13.046620,motorcycle,0.49
2026-08-13 17:50:13.046620,bus,0.47
2026-08-13 17:50:13.046620,motorcycle,0.46
2026-08-13 17:50:13.046620,motorcycle,0.39
2026-08-13 17:50:13.046620,car,0.35
2026-08-13 17:50:13.046620,car,0.34
2026-08-13 17:50:13.046620,car,0.33
2026-08-13 17:50:13.046620,car,0.33
2026-08-13 17:50:13.046620,car,0.32
2026-08-13 17:50:13.046620,car,0.31
2026-08-13 17:50:13.048762,car,0.27
2026-08-13 17:50:13.048762,truck,0.25
2026-08-13 17:50:13.163898,car,0.8
2026-08-13 17:50:13.163898,bus,0.78
2026-08-13 17:50:13.163898,car,0.74
2026-08-13 17:50:13.163898,car,0.71
2026-08-13 17:50:13.163898,car,0.68
2026-08-13 17:50:13.163898,car,0.67
2026-08-13 17:50:13.163898,car,0.66
2026-08-13 17:50:13.163898,car,0.65
2026-08-13 17:50:13.163898,car,0.56
2026-08-13 17:50:13.163898,car,0.56
2026-08-13 17:50:13.163898,bus,0.54
2026-08-13 17:50:13.163898,motorcycle,0.51
2026-08-13 17:50:13.163898,motorcycle,0.49
2026-08-13 17:50:13.165917,bus,0.39
2026-08-13 17:50:13.165917,car,0.37
2026-08-13 17:50:13.165917,car,0.36
2026-08-13 17:50:13.165917,car,0.35
2026-08-13 17:50:13.165917,car,0.34
2026-08-13 17:50:13.165917,car,0.31
2026-08-13 17:50:13.165917,car,0.31
2026-08-13 17:50:13.165917,motorcycle,0.28
2026-08-13 17:50:13.165917,car,0.26
2026-08-13 17:50:13.283837,bus,0.83
2026-08-13 17:50:13.283837,car,0.77
2026-08-13 17:50:13.283837,car,0.7
2026-08-13 17:50:13.283837,car,0.65
2026-08-13 17:50:13.285842,car,0.65
2026-08-13 17:50:13.285842,car,0.61
2026-08-13 17:50:13.285842,car,0.6
2026-08-13 17:50:13.285842,car,0.59
2026-08-13 17:50:13.285842,bus,0.56
2026-08-13 17:50:13.285842,car,0.52
2026-08-13 17:50:13.285842,car,0.5
2026-08-13 17:50:13.285842,car,0.49
2026-08-13 17:50:13.285842,motorcycle,0.45
2026-08-13 17:50:13.285842,motorcycle,0.45
2026-08-13 17:50:13.285842,bus,0.42
2026-08-13 17:50:13.285842,truck,0.4
2026-08-13 17:50:13.285842,car,0.34
2026-08-13 17:50:13.285842,motorcycle,0.33
2026-08-13 17:50:13.287847,car,0.32
2026-08-13 17:50:13.287847,car,0.3
2026-08-13 17:50:13.287847,car,0.28
2026-08-13 17:50:13.287847,person,0.26
2026-08-13 17:50:13.393920,bus,0.78
2026-08-13 17:50:13.393920,car,0.75
2026-08-13 17:50:13.393920,car,0.73
2026-08-13 17:50:13.393920,car,0.69
2026-08-13 17:50:13.393920,car,0.65
2026-08-13 17:50:13.393920,car,0.63
2026-08-13 17:50:13.393920,car,0.62
2026-08-13 17:50:13.393920,car,0.6
2026-08-13 17:50:13.393920,bus,0.53
2026-08-13 17:50:13.393920,car,0.51
2026-08-13 17:50:13.393920,car,0.46
2026-08-13 17:50:13.393920,car,0.44
2026-08-13 17:50:13.393920,truck,0.44
2026-08-13 17:50:13.393920,bus,0.42
2026-08-13 17:50:13.393920,motorcycle,0.42
2026-08-13 17:50:13.393920,motorcycle,0.4
2026-08-13 17:50:13.393920,car,0.38
2026-08-13 17:50:13.395927,car,0.36
2026-08-13 17:50:13.395927,motorcycle,0.36
2026-08-13 17:50:13.395927,car,0.34
2026-08-13 17:50:13.395927,car,0.31
2026-08-13 17:50:13.395927,person,0.28
2026-08-13 17:50:13.395927,motorcycle,0.27
2026-08-13 17:50:13.520621,car,0.76
2026-08-13 17:50:13.520621,bus,0.68
2026-08-13 17:50:13.520621,car,0.68
2026-08-13 17:50:13.520621,car,0.67
2026-08-13 17:50:13.520621,car,0.65
2026-08-13 17:50:13.520621,car,0.65
2026-08-13 17:50:13.520621,car,0.58
2026-08-13 17:50:13.520621,car,0.55
2026-08-13 17:50:13.520621,bus,0.55
2026-08-13 17:50:13.520621,truck,0.53
2026-08-13 17:50:13.522627,car,0.5
2026-08-13 17:50:13.522627,car,0.45
2026-08-13 17:50:13.522627,motorcycle,0.45
2026-08-13 17:50:13.522627,car,0.44
2026-08-13 17:50:13.522627,car,0.4
2026-08-13 17:50:13.522627,motorcycle,0.38
2026-08-13 17:50:13.522627,motorcycle,0.38
2026-08-13 17:50:13.522627,bus,0.37
2026-08-13 17:50:13.522627,car,0.36
2026-08-13 17:50:13.522627,motorcycle,0.34
2026-08-13 17:50:13.522627,bus,0.29
2026-08-13 17:50:13.522627,car,0.25
2026-08-13 17:50:13.638782,bus,0.84
2026-08-13 17:50:13.638782,car,0.76
2026-08-13 17:50:13.638782,car,0.66
2026-08-13 17:50:13.638782,car,0.65
2026-08-13 17:50:13.638782,car,0.63
2026-08-13 17:50:13.638782,bus,0.58
2026-08-13 17:50:13.638782,car,0.58
2026-08-13 17:50:13.638782,car,0.57
2026-08-13 17:50:13.638782,car,0.53
2026-08-13 17:50:13.638782,motorcycle,0.52
2026-08-13 17:50:13.645958,car,0.47
2026-08-13 17:50:13.645958,car,0.47
2026-08-13 17:50:13.645958,truck,0.46
2026-08-13 17:50:13.645958,car,0.44
2026-08-13 17:50:13.645958,motorcycle,0.4
2026-08-13 17:50:13.645958,car,0.4
2026-08-13 17:50:13.645958,motorcycle,0.4
2026-08-13 17:50:13.645958,bus,0.39
2026-08-13 17:50:13.645958,car,0.35
2026-08-13 17:50:13.645958,car,0.31
2026-08-13 17:50:13.645958,car,0.3
2026-08-13 17:50:13.645958,car,0.29
2026-08-13 17:50:13.645958,car,0.25
2026-08-13 17:50:13.752478,bus,0.84
2026-08-13 17:50:13.752478,car,0.78
2026-08-13 17:50:13.752478,car,0.66
2026-08-13 17:50:13.752478,car,0.65
2026-08-13 17:50:13.752478,car,0.62
2026-08-13 17:50:13.752478,car,0.6
2026-08-13 17:50:13.752478,motorcycle,0.58
2026-08-13 17:50:13.752478,bus,0.57
2026-08-13 17:50:13.752478,car,0.54
2026-08-13 17:50:13.752478,car,0.51
2026-08-13 17:50:13.752478,car,0.5
2026-08-13 17:50:13.752478,car,0.47
2026-08-13 17:50:13.752478,truck,0.45
2026-08-13 17:50:13.752478,car,0.41
2026-08-13 17:50:13.752478,bus,0.4
2026-08-13 17:50:13.752478,car,0.39
2026-08-13 17:50:13.752478,motorcycle,0.39
2026-08-13 17:50:13.752478,car,0.39
2026-08-13 17:50:13.752478,motorcycle,0.36
2026-08-13 17:50:13.752478,car,0.29
2026-08-13 17:50:13.752478,car,0.28
2026-08-13 17:50:13.752478,car,0.26
2026-08-13 17:50:13.752478,car,0.25
2026-08-13 17:50:13.878598,bus,0.82
2026-08-13 17:50:13.878598,car,0.69
2026-08-13 17:50:13.878598,car,0.67
2026-08-13 17:50:13.878598,car,0.64
2026-08-13 17:50:13.878598,car,0.62
2026-08-13 17:50:13.878598,bus,0.59
2026-08-13 17:50:13.878598,car,0.57
2026-08-13 17:50:13.878598,car,0.53
2026-08-13 17:50:13.878598,truck,0.53
2026-08-13 17:50:13.878598,motorcycle,0.53
2026-08-13 17:50:13.878598,car,0.51
2026-08-13 17:50:13.878598,car,0.49
2026-08-13 17:50:13.878598,motorcycle,0.45
2026-08-13 17:50:13.878598,car,0.42
2026-08-13 17:50:13.878598,car,0.4
2026-08-13 17:50:13.878598,bus,0.4
2026-08-13 17:50:13.878598,car,0.39
2026-08-13 17:50:13.878598,car,0.39
2026-08-13 17:50:13.878598,motorcycle,0.38
2026-08-13 17:50:13.878598,motorcycle,0.31
2026-08-13 17:50:13.878598,car,0.3
2026-08-13 17:50:13.878598,person,0.27
2026-08-13 17:50:13.878598,car,0.26
2026-08-13 17:50:13.878598,person,0.26
2026-08-13 17:50:13.999001,bus,0.83
2026-08-13 17:50:13.999001,car,0.7
2026-08-13 17:50:13.999001,car,0.69
2026-08-13 17:50:13.999001,car,0.61
2026-08-13 17:50:14.001125,car,0.59
2026-08-13 17:50:14.001125,bus,0.58
2026-08-13 17:50:14.001125,motorcycle,0.57
2026-08-13 17:50:14.001125,truck,0.56
2026-08-13 17:50:14.001125,car,0.54
2026-08-13 17:50:14.001125,car,0.52
2026-08-13 17:50:14.001125,car,0.5
2026-08-13 17:50:14.001125,car,0.47
2026-08-13 17:50:14.001125,car,0.47
2026-08-13 17:50:14.001125,motorcycle,0.44
2026-08-13 17:50:14.001125,car,0.41
2026-08-13 17:50:14.001125,car,0.4
2026-08-13 17:50:14.001125,person,0.39
2026-08-13 17:50:14.001125,bus,0.36
2026-08-13 17:50:14.001125,car,0.34
2026-08-13 17:50:14.001125,person,0.33
2026-08-13 17:50:14.003360,car,0.33
2026-08-13 17:50:14.003360,motorcycle,0.3
2026-08-13 17:50:14.003360,car,0.29
2026-08-13 17:50:14.003360,car,0.26
2026-08-13 17:50:14.128646,bus,0.8
2026-08-13 17:50:14.128646,car,0.74
2026-08-13 17:50:14.128646,car,0.73
2026-08-13 17:50:14.128646,car,0.67
2026-08-13 17:50:14.128646,car,0.61
2026-08-13 17:50:14.128646,bus,0.58
2026-08-13 17:50:14.128646,motorcycle,0.55
2026-08-13 17:50:14.130788,car,0.55
2026-08-13 17:50:14.130788,truck,0.54
2026-08-13 17:50:14.130788,car,0.53
2026-08-13 17:50:14.130788,car,0.53
2026-08-13 17:50:14.130788,car,0.5
2026-08-13 17:50:14.130788,car,0.5
2026-08-13 17:50:14.130788,car,0.46
2026-08-13 17:50:14.130788,car,0.44
2026-08-13 17:50:14.130788,motorcycle,0.4
2026-08-13 17:50:14.130788,car,0.4
2026-08-13 17:50:14.130788,person,0.37
2026-08-13 17:50:14.130788,person,0.36
2026-08-13 17:50:14.130788,bus,0.35
2026-08-13 17:50:14.130788,car,0.35
2026-08-13 17:50:14.130788,motorcycle,0.33
2026-08-13 17:50:14.130788,motorcycle,0.3
2026-08-13 17:50:14.130788,car,0.26
2026-08-13 17:50:14.241146,bus,0.77
2026-08-13 17:50:14.241146,car,0.75
2026-08-13 17:50:14.241146,car,0.67
2026-08-13 17:50:14.241146,car,0.61
2026-08-13 17:50:14.241146,bus,0.6
2026-08-13 17:50:14.241146,car,0.58
2026-08-13 17:50:14.243153,car,0.58
2026-08-13 17:50:14.243153,car,0.57
2026-08-13 17:50:14.243153,car,0.57
2026-08-13 17:50:14.243153,car,0.55
2026-08-13 17:50:14.243153,motorcycle,0.53
2026-08-13 17:50:14.243153,car,0.51
2026-08-13 17:50:14.243153,car,0.49
2026-08-13 17:50:14.243153,truck,0.49
2026-08-13 17:50:14.243153,car,0.47
2026-08-13 17:50:14.243153,car,0.42
2026-08-13 17:50:14.243153,person,0.41
2026-08-13 17:50:14.243153,car,0.38
2026-08-13 17:50:14.243153,motorcycle,0.36
2026-08-13 17:50:14.243153,bus,0.34
2026-08-13 17:50:14.245159,person,0.32
2026-08-13 17:50:14.245159,motorcycle,0.32
2026-08-13 17:50:14.245159,car,0.31
2026-08-13 17:50:14.245159,car,0.28
2026-08-13 17:50:14.359140,car,0.78
2026-08-13 17:50:14.359140,car,0.71
2026-08-13 17:50:14.359140,bus,0.66
2026-08-13 17:50:14.359140,car,0.66
2026-08-13 17:50:14.359140,car,0.61
2026-08-13 17:50:14.359140,car,0.58
2026-08-13 17:50:14.359140,car,0.56
2026-08-13 17:50:14.359140,motorcycle,0.55
2026-08-13 17:50:14.359140,bus,0.52
2026-08-13 17:50:14.363711,car,0.5
2026-08-13 17:50:14.363711,car,0.5
2026-08-13 17:50:14.363711,car,0.49
2026-08-13 17:50:14.363711,truck,0.49
2026-08-13 17:50:14.363711,car,0.47
2026-08-13 17:50:14.363711,car,0.44
2026-08-13 17:50:14.363711,car,0.41
2026-08-13 17:50:14.363711,motorcycle,0.41
2026-08-13 17:50:14.363711,motorcycle,0.4
2026-08-13 17:50:14.363711,car,0.35
2026-08-13 17:50:14.363711,car,0.32
2026-08-13 17:50:14.363711,bus,0.29
2026-08-13 17:50:14.363711,motorcycle,0.28
2026-08-13 17:50:14.363711,person,0.27
2026-08-13 17:50:14.363711,car,0.26
2026-08-13 17:50:14.363711,motorcycle,0.26
2026-08-13 17:50:14.363711,car,0.26
2026-08-13 17:50:14.363711,person,0.25
2026-08-13 17:50:14.478790,car,0.78
2026-08-13 17:50:14.478790,car,0.77
2026-08-13 17:50:14.478790,car,0.69
2026-08-13 17:50:14.478790,bus,0.68
2026-08-13 17:50:14.478790,car,0.65
2026-08-13 17:50:14.478790,car,0.63
2026-08-13 17:50:14.478790,car,0.62
2026-08-13 17:50:14.478790,motorcycle,0.61
2026-08-13 17:50:14.478790,car,0.59
2026-08-13 17:50:14.478790,car,0.58
2026-08-13 17:50:14.478790,car,0.55
2026-08-13 17:50:14.478790,bus,0.53
2026-08-13 17:50:14.478790,car,0.49
2026-08-13 17:50:14.478790,motorcycle,0.45
2026-08-13 17:50:14.478790,motorcycle,0.43
2026-08-13 17:50:14.480539,car,0.42
2026-08-13 17:50:14.480539,truck,0.42
2026-08-13 17:50:14.480539,car,0.39
2026-08-13 17:50:14.480539,car,0.39
2026-08-13 17:50:14.480539,car,0.38
2026-08-13 17:50:14.480539,car,0.34
2026-08-13 17:50:14.480539,car,0.32
2026-08-13 17:50:14.480539,motorcycle,0.31
2026-08-13 17:50:14.480539,bus,0.31
2026-08-13 17:50:14.480539,person,0.3
2026-08-13 17:50:14.480539,person,0.28
2026-08-13 17:50:14.480539,car,0.26
2026-08-13 17:50:14.480539,car,0.25
2026-08-13 17:50:14.600977,car,0.76
2026-08-13 17:50:14.600977,car,0.71
2026-08-13 17:50:14.600977,car,0.71
2026-08-13 17:50:14.600977,bus,0.68
2026-08-13 17:50:14.600977,car,0.61
2026-08-13 17:50:14.600977,car,0.61
2026-08-13 17:50:14.600977,car,0.61
2026-08-13 17:50:14.600977,motorcycle,0.58
2026-08-13 17:50:14.600977,car,0.53
2026-08-13 17:50:14.600977,car,0.52
2026-08-13 17:50:14.600977,car,0.51
2026-08-13 17:50:14.600977,bus,0.49
2026-08-13 17:50:14.600977,truck,0.46
2026-08-13 17:50:14.608826,car,0.43
2026-08-13 17:50:14.608826,car,0.42
2026-08-13 17:50:14.608826,motorcycle,0.4
2026-08-13 17:50:14.608826,car,0.4
2026-08-13 17:50:14.608826,motorcycle,0.39
2026-08-13 17:50:14.608826,car,0.35
2026-08-13 17:50:14.608826,car,0.35
2026-08-13 17:50:14.608826,car,0.34
2026-08-13 17:50:14.608826,person,0.32
2026-08-13 17:50:14.608826,car,0.32
2026-08-13 17:50:14.608826,bus,0.28
2026-08-13 17:50:14.725378,car,0.73
2026-08-13 17:50:14.725378,car,0.73
2026-08-13 17:50:14.725378,car,0.68
2026-08-13 17:50:14.725378,bus,0.61
2026-08-13 17:50:14.725378,car,0.6
2026-08-13 17:50:14.725378,motorcycle,0.57
2026-08-13 17:50:14.725378,car,0.56
2026-08-13 17:50:14.725378,car,0.55
2026-08-13 17:50:14.727463,car,0.55
2026-08-13 17:50:14.727463,car,0.54
2026-08-13 17:50:14.727463,truck,0.52
2026-08-13 17:50:14.727463,bus,0.47
2026-08-13 17:50:14.727463,car,0.46
2026-08-13 17:50:14.727463,car,0.43
2026-08-13 17:50:14.727463,car,0.39
2026-08-13 17:50:14.727463,car,0.39
2026-08-13 17:50:14.727463,car,0.38
2026-08-13 17:50:14.727463,motorcycle,0.34
2026-08-13 17:50:14.727463,car,0.33
2026-08-13 17:50:14.728970,car,0.33
2026-08-13 17:50:14.728970,car,0.32
2026-08-13 17:50:14.728970,motorcycle,0.32
2026-08-13 17:50:14.728970,car,0.31
2026-08-13 17:50:14.728970,bus,0.29
2026-08-13 17:50:14.728970,motorcycle,0.27
2026-08-13 17:50:14.728970,car,0.26
2026-08-13 17:50:14.839040,bus,0.79
2026-08-13 17:50:14.839040,car,0.75
2026-08-13 17:50:14.839040,car,0.69
2026-08-13 17:50:14.839040,car,0.65
2026-08-13 17:50:14.839040,motorcycle,0.65
2026-08-13 17:50:14.839040,car,0.62
2026-08-13 17:50:14.839040,car,0.59
2026-08-13 17:50:14.839040,bus,0.58
2026-08-13 17:50:14.839040,car,0.56
2026-08-13 17:50:14.839040,car,0.56
2026-08-13 17:50:14.839040,motorcycle,0.56
2026-08-13 17:50:14.839040,car,0.51
2026-08-13 17:50:14.839040,car,0.46
2026-08-13 17:50:14.839040,car,0.44
2026-08-13 17:50:14.839040,truck,0.42
2026-08-13 17:50:14.839040,car,0.4
2026-08-13 17:50:14.839040,car,0.37
2026-08-13 17:50:14.839040,car,0.37
2026-08-13 17:50:14.839040,car,0.36
2026-08-13 17:50:14.839040,motorcycle,0.35
2026-08-13 17:50:14.839040,car,0.32
2026-08-13 17:50:14.839040,car,0.31
2026-08-13 17:50:14.839040,motorcycle,0.27
2026-08-13 17:50:14.839040,bus,0.26
2026-08-13 17:50:14.965627,bus,0.82
2026-08-13 17:50:14.965627,car,0.78
2026-08-13 17:50:14.965627,motorcycle,0.73
2026-08-13 17:50:14.965627,car,0.73
2026-08-13 17:50:14.965627,bus,0.62
2026-08-13 17:50:14.965627,car,0.62
2026-08-13 17:50:14.965627,car,0.6
2026-08-13 17:50:14.965627,car,0.58
2026-08-13 17:50:14.965627,car,0.56
2026-08-13 17:50:14.965627,car,0.53
2026-08-13 17:50:14.965627,car,0.52
2026-08-13 17:50:14.965627,car,0.48
2026-08-13 17:50:14.967636,car,0.48
2026-08-13 17:50:14.967636,truck,0.48
2026-08-13 17:50:14.967636,car,0.41
2026-08-13 17:50:14.967636,person,0.36
2026-08-13 17:50:14.967636,car,0.35
2026-08-13 17:50:14.967636,motorcycle,0.34
2026-08-13 17:50:14.967636,car,0.34
2026-08-13 17:50:14.968642,car,0.3
2026-08-13 17:50:14.968642,bus,0.29
2026-08-13 17:50:14.968642,car,0.27
2026-08-13 17:50:14.968642,car,0.27
2026-08-13 17:50:15.078565,bus,0.86
2026-08-13 17:50:15.078565,car,0.78
2026-08-13 17:50:15.078565,car,0.73
2026-08-13 17:50:15.078565,motorcycle,0.71
2026-08-13 17:50:15.078565,car,0.65
2026-08-13 17:50:15.078565,bus,0.65
2026-08-13 17:50:15.078565,car,0.64
2026-08-13 17:50:15.078565,car,0.62
2026-08-13 17:50:15.078565,car,0.62
2026-08-13 17:50:15.078565,car,0.61
2026-08-13 17:50:15.078565,car,0.59
2026-08-13 17:50:15.078565,car,0.58
2026-08-13 17:50:15.078565,car,0.57
2026-08-13 17:50:15.078565,motorcycle,0.49
2026-08-13 17:50:15.078565,car,0.47
2026-08-13 17:50:15.078565,car,0.42
2026-08-13 17:50:15.078565,car,0.4
2026-08-13 17:50:15.078565,car,0.39
2026-08-13 17:50:15.078565,motorcycle,0.38
2026-08-13 17:50:15.078565,motorcycle,0.34
2026-08-13 17:50:15.078565,bus,0.32
2026-08-13 17:50:15.078565,car,0.28
2026-08-13 17:50:15.078565,person,0.27
2026-08-13 17:50:15.179647,bus,0.82
2026-08-13 17:50:15.179647,car,0.75
2026-08-13 17:50:15.179647,car,0.74
2026-08-13 17:50:15.179647,car,0.74
2026-08-13 17:50:15.179647,car,0.72
2026-08-13 17:50:15.179647,bus,0.71
2026-08-13 17:50:15.179647,motorcycle,0.7
2026-08-13 17:50:15.179647,car,0.62
2026-08-13 17:50:15.179647,car,0.61
2026-08-13 17:50:15.179647,car,0.57
2026-08-13 17:50:15.179647,car,0.54
2026-08-13 17:50:15.179647,car,0.53
2026-08-13 17:50:15.179647,truck,0.52
2026-08-13 17:50:15.179647,car,0.51
2026-08-13 17:50:15.179647,motorcycle,0.45
2026-08-13 17:50:15.179647,car,0.44
2026-08-13 17:50:15.179647,car,0.42
2026-08-13 17:50:15.179647,car,0.39
2026-08-13 17:50:15.179647,car,0.39
2026-08-13 17:50:15.179647,motorcycle,0.34
2026-08-13 17:50:15.179647,person,0.32
2026-08-13 17:50:15.179647,bus,0.3
2026-08-13 17:50:15.179647,motorcycle,0.25
2026-08-13 17:50:15.322934,bus,0.85
2026-08-13 17:50:15.322934,car,0.78
2026-08-13 17:50:15.322934,car,0.77
2026-08-13 17:50:15.322934,bus,0.72
2026-08-13 17:50:15.322934,car,0.7
2026-08-13 17:50:15.322934,car,0.65
2026-08-13 17:50:15.322934,car,0.6
2026-08-13 17:50:15.324940,motorcycle,0.6
2026-08-13 17:50:15.324940,car,0.59
2026-08-13 17:50:15.324940,car,0.59
2026-08-13 17:50:15.324940,truck,0.57
2026-08-13 17:50:15.324940,car,0.56
2026-08-13 17:50:15.324940,car,0.52
2026-08-13 17:50:15.324940,motorcycle,0.45
2026-08-13 17:50:15.324940,car,0.43
2026-08-13 17:50:15.324940,car,0.39
2026-08-13 17:50:15.324940,car,0.36
2026-08-13 17:50:15.324940,bus,0.36
2026-08-13 17:50:15.324940,car,0.31
2026-08-13 17:50:15.324940,person,0.3
2026-08-13 17:50:15.324940,car,0.27
2026-08-13 17:50:15.435830,bus,0.84
2026-08-13 17:50:15.435830,car,0.78
2026-08-13 17:50:15.437839,car,0.73
2026-08-13 17:50:15.437839,car,0.73
2026-08-13 17:50:15.437839,car,0.68
2026-08-13 17:50:15.437839,bus,0.66
2026-08-13 17:50:15.437839,truck,0.61
2026-08-13 17:50:15.437839,car,0.58
2026-08-13 17:50:15.437839,car,0.58
2026-08-13 17:50:15.437839,motorcycle,0.57
2026-08-13 17:50:15.437839,car,0.54
2026-08-13 17:50:15.437839,car,0.52
2026-08-13 17:50:15.437839,car,0.45
2026-08-13 17:50:15.437839,motorcycle,0.44
2026-08-13 17:50:15.437839,motorcycle,0.44
2026-08-13 17:50:15.437839,car,0.38
2026-08-13 17:50:15.438848,bus,0.37
2026-08-13 17:50:15.438848,car,0.35
2026-08-13 17:50:15.438848,car,0.35
2026-08-13 17:50:15.438848,car,0.34
2026-08-13 17:50:15.438848,person,0.31
2026-08-13 17:50:15.438848,car,0.31
2026-08-13 17:50:15.438848,motorcycle,0.27
2026-08-13 17:50:15.438848,person,0.27
2026-08-13 17:50:15.438848,car,0.26
2026-08-13 17:50:15.438848,truck,0.25
2026-08-13 17:50:15.548604,bus,0.88
2026-08-13 17:50:15.550699,car,0.74
2026-08-13 17:50:15.550699,car,0.72
2026-08-13 17:50:15.550699,car,0.66
2026-08-13 17:50:15.550699,bus,0.66
2026-08-13 17:50:15.550699,car,0.63
2026-08-13 17:50:15.550699,car,0.62
2026-08-13 17:50:15.550699,car,0.56
2026-08-13 17:50:15.550699,car,0.55
2026-08-13 17:50:15.550699,truck,0.55
2026-08-13 17:50:15.550699,car,0.53
2026-08-13 17:50:15.550699,motorcycle,0.49
2026-08-13 17:50:15.550699,car,0.47
2026-08-13 17:50:15.550699,car,0.39
2026-08-13 17:50:15.550699,car,0.38
2026-08-13 17:50:15.550699,motorcycle,0.35
2026-08-13 17:50:15.552704,car,0.35
2026-08-13 17:50:15.552704,car,0.34
2026-08-13 17:50:15.552704,motorcycle,0.34
2026-08-13 17:50:15.552704,motorcycle,0.34
2026-08-13 17:50:15.552704,bus,0.33
2026-08-13 17:50:15.552704,truck,0.31
2026-08-13 17:50:15.552704,car,0.31
2026-08-13 17:50:15.552704,car,0.31
2026-08-13 17:50:15.552704,car,0.31
2026-08-13 17:50:15.552704,person,0.3
2026-08-13 17:50:15.552704,car,0.3
2026-08-13 17:50:15.552704,motorcycle,0.29
2026-08-13 17:50:15.552704,car,0.28
2026-08-13 17:50:15.658878,bus,0.82
2026-08-13 17:50:15.658878,car,0.74
2026-08-13 17:50:15.669568,car,0.74
2026-08-13 17:50:15.669568,car,0.62
2026-08-13 17:50:15.669568,car,0.62
2026-08-13 17:50:15.669568,bus,0.6
2026-08-13 17:50:15.669568,car,0.58
2026-08-13 17:50:15.669568,motorcycle,0.56
2026-08-13 17:50:15.669568,car,0.54
2026-08-13 17:50:15.669568,car,0.53
2026-08-13 17:50:15.669568,car,0.52
2026-08-13 17:50:15.669568,car,0.5
2026-08-13 17:50:15.669568,truck,0.5
2026-08-13 17:50:15.669568,car,0.46
2026-08-13 17:50:15.669568,car,0.45
2026-08-13 17:50:15.669568,car,0.44
2026-08-13 17:50:15.669568,car,0.41
2026-08-13 17:50:15.669568,motorcycle,0.39
2026-08-13 17:50:15.669568,truck,0.36
2026-08-13 17:50:15.669568,bus,0.35
2026-08-13 17:50:15.669568,person,0.35
2026-08-13 17:50:15.669568,car,0.34
2026-08-13 17:50:15.669568,person,0.34
2026-08-13 17:50:15.669568,car,0.33
2026-08-13 17:50:15.669568,motorcycle,0.32
2026-08-13 17:50:15.669568,car,0.31
2026-08-13 17:50:15.669568,truck,0.3
2026-08-13 17:50:15.669568,motorcycle,0.26
2026-08-13 17:50:15.775064,bus,0.85
2026-08-13 17:50:15.775064,car,0.72
2026-08-13 17:50:15.775064,car,0.71
2026-08-13 17:50:15.775064,bus,0.64
2026-08-13 17:50:15.775064,car,0.63
2026-08-13 17:50:15.775064,truck,0.62
2026-08-13 17:50:15.775064,car,0.61
2026-08-13 17:50:15.775064,car,0.58
2026-08-13 17:50:15.775064,car,0.56
2026-08-13 17:50:15.775064,car,0.51
2026-08-13 17:50:15.779032,car,0.47
2026-08-13 17:50:15.779032,car,0.46
2026-08-13 17:50:15.779032,motorcycle,0.45
2026-08-13 17:50:15.779032,motorcycle,0.4
2026-08-13 17:50:15.779032,car,0.4
2026-08-13 17:50:15.779032,truck,0.38
2026-08-13 17:50:15.779032,car,0.38
2026-08-13 17:50:15.779032,car,0.37
2026-08-13 17:50:15.779032,car,0.37
2026-08-13 17:50:15.779032,bus,0.36
2026-08-13 17:50:15.779032,motorcycle,0.35
2026-08-13 17:50:15.779032,car,0.35
2026-08-13 17:50:15.779032,person,0.34
2026-08-13 17:50:15.779032,person,0.33
2026-08-13 17:50:15.779032,car,0.3
2026-08-13 17:50:15.779032,car,0.26
2026-08-13 17:50:15.898872,bus,0.83
2026-08-13 17:50:15.898872,car,0.76
2026-08-13 17:50:15.898872,car,0.75
2026-08-13 17:50:15.898872,car,0.63
2026-08-13 17:50:15.898872,bus,0.62
2026-08-13 17:50:15.898872,car,0.62
2026-08-13 17:50:15.898872,car,0.57
2026-08-13 17:50:15.898872,car,0.57
2026-08-13 17:50:15.898872,car,0.53
2026-08-13 17:50:15.898872,motorcycle,0.53
2026-08-13 17:50:15.898872,car,0.51
2026-08-13 17:50:15.898872,motorcycle,0.43
2026-08-13 17:50:15.898872,car,0.42
2026-08-13 17:50:15.898872,car,0.42
2026-08-13 17:50:15.898872,motorcycle,0.39
2026-08-13 17:50:15.898872,car,0.39
2026-08-13 17:50:15.898872,car,0.39
2026-08-13 17:50:15.898872,bus,0.39
2026-08-13 17:50:15.898872,person,0.33
2026-08-13 17:50:15.898872,truck,0.33
2026-08-13 17:50:15.898872,car,0.32
2026-08-13 17:50:15.898872,car,0.31
2026-08-13 17:50:15.898872,person,0.3
2026-08-13 17:50:15.898872,car,0.3
2026-08-13 17:50:15.898872,car,0.28
2026-08-13 17:50:15.898872,car,0.27
2026-08-13 17:50:15.898872,bus,0.27
2026-08-13 17:50:16.022947,bus,0.81
2026-08-13 17:50:16.022947,car,0.72
2026-08-13 17:50:16.022947,car,0.71
2026-08-13 17:50:16.024996,car,0.71
2026-08-13 17:50:16.024996,motorcycle,0.65
2026-08-13 17:50:16.024996,car,0.62
2026-08-13 17:50:16.024996,bus,0.62
2026-08-13 17:50:16.024996,car,0.59
2026-08-13 17:50:16.024996,car,0.56
2026-08-13 17:50:16.024996,truck,0.55
2026-08-13 17:50:16.026001,car,0.54
2026-08-13 17:50:16.026001,car,0.45
2026-08-13 17:50:16.026001,car,0.43
2026-08-13 17:50:16.026001,car,0.41
2026-08-13 17:50:16.026001,bus,0.4
2026-08-13 17:50:16.026001,car,0.37
2026-08-13 17:50:16.026001,car,0.34
2026-08-13 17:50:16.026001,car,0.34
2026-08-13 17:50:16.026001,truck,0.33
2026-08-13 17:50:16.026001,motorcycle,0.32
2026-08-13 17:50:16.026001,car,0.31
2026-08-13 17:50:16.026001,car,0.3
2026-08-13 17:50:16.026001,person,0.29
2026-08-13 17:50:16.026001,bus,0.29
2026-08-13 17:50:16.026001,car,0.29
2026-08-13 17:50:16.028014,motorcycle,0.28
2026-08-13 17:50:16.028014,bus,0.27
2026-08-13 17:50:16.134725,bus,0.73
2026-08-13 17:50:16.134725,car,0.71
2026-08-13 17:50:16.134725,car,0.71
2026-08-13 17:50:16.134725,car,0.7
2026-08-13 17:50:16.134725,truck,0.67
2026-08-13 17:50:16.134725,car,0.66
2026-08-13 17:50:16.134725,car,0.66
2026-08-13 17:50:16.135732,motorcycle,0.65
2026-08-13 17:50:16.135732,car,0.63
2026-08-13 17:50:16.135732,car,0.59
2026-08-13 17:50:16.135732,bus,0.59
2026-08-13 17:50:16.136739,car,0.55
2026-08-13 17:50:16.136739,car,0.46
2026-08-13 17:50:16.136739,car,0.44
2026-08-13 17:50:16.136739,car,0.42
2026-08-13 17:50:16.136739,truck,0.38
2026-08-13 17:50:16.136739,person,0.38
2026-08-13 17:50:16.136739,car,0.37
2026-08-13 17:50:16.136739,bus,0.36
2026-08-13 17:50:16.136739,car,0.36
2026-08-13 17:50:16.136739,person,0.36
2026-08-13 17:50:16.136739,car,0.29
2026-08-13 17:50:16.136739,car,0.29
2026-08-13 17:50:16.136739,motorcycle,0.28
2026-08-13 17:50:16.136739,bus,0.28
2026-08-13 17:50:16.136739,car,0.27
2026-08-13 17:50:16.136739,motorcycle,0.27
2026-08-13 17:50:16.257852,bus,0.77
2026-08-13 17:50:16.257852,car,0.72
2026-08-13 17:50:16.257852,car,0.68
2026-08-13 17:50:16.257852,car,0.66
2026-08-13 17:50:16.257852,car,0.66
2026-08-13 17:50:16.257852,motorcycle,0.63
2026-08-13 17:50:16.258858,car,0.6
2026-08-13 17:50:16.258858,car,0.58
2026-08-13 17:50:16.258858,truck,0.58
2026-08-13 17:50:16.258858,car,0.58
2026-08-13 17:50:16.258858,bus,0.52
2026-08-13 17:50:16.258858,car,0.49
2026-08-13 17:50:16.258858,car,0.47
2026-08-13 17:50:16.258858,bus,0.41
2026-08-13 17:50:16.258858,truck,0.41
2026-08-13 17:50:16.258858,car,0.39
2026-08-13 17:50:16.258858,car,0.39
2026-08-13 17:50:16.258858,car,0.38
2026-08-13 17:50:16.258858,car,0.36
2026-08-13 17:50:16.260876,person,0.35
2026-08-13 17:50:16.260876,person,0.29
2026-08-13 17:50:16.260876,motorcycle,0.27
2026-08-13 17:50:16.260876,car,0.27
2026-08-13 17:50:16.260876,truck,0.27
2026-08-13 17:50:16.387475,car,0.74
2026-08-13 17:50:16.387475,bus,0.73
2026-08-13 17:50:16.387475,car,0.72
2026-08-13 17:50:16.387475,car,0.66
2026-08-13 17:50:16.387475,truck,0.57
2026-08-13 17:50:16.387475,car,0.57
2026-08-13 17:50:16.387475,motorcycle,0.57
2026-08-13 17:50:16.389075,car,0.55
2026-08-13 17:50:16.389075,car,0.55
2026-08-13 17:50:16.389075,car,0.52
2026-08-13 17:50:16.389075,car,0.51
2026-08-13 17:50:16.389075,bus,0.5
2026-08-13 17:50:16.389075,car,0.49
2026-08-13 17:50:16.389075,car,0.47
2026-08-13 17:50:16.389075,bus,0.43
2026-08-13 17:50:16.389075,car,0.42
2026-08-13 17:50:16.389075,motorcycle,0.4
2026-08-13 17:50:16.389075,car,0.35
2026-08-13 17:50:16.389075,car,0.33
2026-08-13 17:50:16.389075,person,0.3
2026-08-13 17:50:16.389075,truck,0.3
2026-08-13 17:50:16.389075,car,0.29
2026-08-13 17:50:16.389075,person,0.28
2026-08-13 17:50:16.389075,car,0.27
2026-08-13 17:50:16.389075,bus,0.26
2026-08-13 17:50:16.389075,person,0.26
2026-08-13 17:50:16.496538,car,0.77
2026-08-13 17:50:16.496538,bus,0.75
2026-08-13 17:50:16.496538,car,0.74
2026-08-13 17:50:16.496538,car,0.69
2026-08-13 17:50:16.496538,car,0.61
2026-08-13 17:50:16.498553,car,0.61
2026-08-13 17:50:16.498553,car,0.56
2026-08-13 17:50:16.498553,truck,0.56
2026-08-13 17:50:16.498553,car,0.54
2026-08-13 17:50:16.498553,bus,0.51
2026-08-13 17:50:16.498553,car,0.49
2026-08-13 17:50:16.498553,motorcycle,0.46
2026-08-13 17:50:16.498553,car,0.46
2026-08-13 17:50:16.498553,motorcycle,0.45
2026-08-13 17:50:16.498553,car,0.44
2026-08-13 17:50:16.498553,car,0.42
2026-08-13 17:50:16.498553,motorcycle,0.41
2026-08-13 17:50:16.498553,car,0.39
2026-08-13 17:50:16.498553,car,0.35
2026-08-13 17:50:16.498553,car,0.32
2026-08-13 17:50:16.498553,bus,0.31
2026-08-13 17:50:16.500599,person,0.3
2026-08-13 17:50:16.623776,bus,0.81
2026-08-13 17:50:16.623776,car,0.8
2026-08-13 17:50:16.623776,car,0.75
2026-08-13 17:50:16.623776,car,0.71
2026-08-13 17:50:16.623776,car,0.63
2026-08-13 17:50:16.623776,car,0.6
2026-08-13 17:50:16.623776,car,0.6
2026-08-13 17:50:16.623776,car,0.6
2026-08-13 17:50:16.623776,motorcycle,0.52
2026-08-13 17:50:16.623776,car,0.52
2026-08-13 17:50:16.623776,car,0.51
2026-08-13 17:50:16.623776,bus,0.51
2026-08-13 17:50:16.623776,truck,0.49
2026-08-13 17:50:16.623776,car,0.48
2026-08-13 17:50:16.623776,car,0.47
2026-08-13 17:50:16.623776,car,0.42
2026-08-13 17:50:16.623776,car,0.41
2026-08-13 17:50:16.623776,car,0.35
2026-08-13 17:50:16.623776,car,0.34
2026-08-13 17:50:16.623776,truck,0.33
2026-08-13 17:50:16.623776,motorcycle,0.32
2026-08-13 17:50:16.623776,motorcycle,0.3
2026-08-13 17:50:16.623776,car,0.28
2026-08-13 17:50:16.623776,bus,0.28
2026-08-13 17:50:16.764101,bus,0.85
2026-08-13 17:50:16.765619,car,0.74
2026-08-13 17:50:16.765619,car,0.74
2026-08-13 17:50:16.765619,car,0.7
2026-08-13 17:50:16.765619,car,0.65
2026-08-13 17:50:16.765619,car,0.62
2026-08-13 17:50:16.765619,car,0.6
2026-08-13 17:50:16.765619,motorcycle,0.6
2026-08-13 17:50:16.765619,car,0.57
2026-08-13 17:50:16.765619,car,0.54
2026-08-13 17:50:16.765619,truck,0.5
2026-08-13 17:50:16.765619,car,0.49
2026-08-13 17:50:16.765619,car,0.49
2026-08-13 17:50:16.765619,bus,0.47
2026-08-13 17:50:16.765619,car,0.45
2026-08-13 17:50:16.765619,car,0.42
2026-08-13 17:50:16.765619,car,0.37
2026-08-13 17:50:16.765619,truck,0.36
2026-08-13 17:50:16.765619,car,0.33
2026-08-13 17:50:16.765619,car,0.32
2026-08-13 17:50:16.765619,car,0.31
2026-08-13 17:50:16.765619,bus,0.3
2026-08-13 17:50:16.767422,car,0.3
2026-08-13 17:50:16.880231,bus,0.85
2026-08-13 17:50:16.880231,car,0.8
2026-08-13 17:50:16.880231,car,0.75
2026-08-13 17:50:16.880231,car,0.71
2026-08-13 17:50:16.880231,car,0.71
2026-08-13 17:50:16.880231,car,0.68
2026-08-13 17:50:16.880231,motorcycle,0.64
2026-08-13 17:50:16.880231,car,0.59
2026-08-13 17:50:16.880231,car,0.56
2026-08-13 17:50:16.880231,car,0.55
2026-08-13 17:50:16.880231,car,0.53
2026-08-13 17:50:16.880231,bus,0.53
2026-08-13 17:50:16.880231,truck,0.51
2026-08-13 17:50:16.880231,car,0.47
2026-08-13 17:50:16.880231,truck,0.43
2026-08-13 17:50:16.880231,car,0.36
2026-08-13 17:50:16.880231,car,0.35
2026-08-13 17:50:16.880231,car,0.3
2026-08-13 17:50:16.880231,bus,0.29
2026-08-13 17:50:16.880231,car,0.29
2026-08-13 17:50:16.880231,bus,0.26
2026-08-13 17:50:17.002638,bus,0.78
2026-08-13 17:50:17.002638,car,0.76
2026-08-13 17:50:17.002638,car,0.74
2026-08-13 17:50:17.002638,car,0.74
2026-08-13 17:50:17.002638,car,0.74
2026-08-13 17:50:17.002638,car,0.74
2026-08-13 17:50:17.002638,truck,0.54
2026-08-13 17:50:17.004657,car,0.53
2026-08-13 17:50:17.004657,car,0.53
2026-08-13 17:50:17.004657,bus,0.51
2026-08-13 17:50:17.004657,car,0.51
2026-08-13 17:50:17.004657,motorcycle,0.5
2026-08-13 17:50:17.004657,car,0.49
2026-08-13 17:50:17.004657,car,0.48
2026-08-13 17:50:17.005662,truck,0.47
2026-08-13 17:50:17.005662,truck,0.43
2026-08-13 17:50:17.005662,car,0.37
2026-08-13 17:50:17.005662,motorcycle,0.35
2026-08-13 17:50:17.005662,car,0.33
2026-08-13 17:50:17.005662,car,0.31
2026-08-13 17:50:17.005662,car,0.27
2026-08-13 17:50:17.005662,bus,0.25
2026-08-13 17:50:17.135828,bus,0.83
2026-08-13 17:50:17.135828,car,0.77
2026-08-13 17:50:17.135828,car,0.76
2026-08-13 17:50:17.135828,car,0.74
2026-08-13 17:50:17.137838,car,0.74
2026-08-13 17:50:17.137838,car,0.74
2026-08-13 17:50:17.137838,car,0.6
2026-08-13 17:50:17.137838,truck,0.59
2026-08-13 17:50:17.137838,motorcycle,0.57
2026-08-13 17:50:17.137838,bus,0.55
2026-08-13 17:50:17.137838,car,0.54
2026-08-13 17:50:17.137838,car,0.51
2026-08-13 17:50:17.137838,car,0.5
2026-08-13 17:50:17.137838,truck,0.49
2026-08-13 17:50:17.137838,car,0.43
2026-08-13 17:50:17.137838,car,0.4
2026-08-13 17:50:17.137838,motorcycle,0.39
2026-08-13 17:50:17.137838,car,0.36
2026-08-13 17:50:17.138844,truck,0.35
2026-08-13 17:50:17.138844,car,0.34
2026-08-13 17:50:17.138844,truck,0.31
2026-08-13 17:50:17.138844,bus,0.28
2026-08-13 17:50:17.267405,bus,0.84
2026-08-13 17:50:17.267405,car,0.77
2026-08-13 17:50:17.267405,car,0.74
2026-08-13 17:50:17.268411,car,0.74
2026-08-13 17:50:17.268411,car,0.73
2026-08-13 17:50:17.268411,car,0.7
2026-08-13 17:50:17.268411,car,0.65
2026-08-13 17:50:17.268411,car,0.61
2026-08-13 17:50:17.268411,bus,0.57
2026-08-13 17:50:17.268411,car,0.56
2026-08-13 17:50:17.268931,car,0.49
2026-08-13 17:50:17.268931,car,0.47
2026-08-13 17:50:17.268931,truck,0.47
2026-08-13 17:50:17.268931,motorcycle,0.46
2026-08-13 17:50:17.268931,car,0.43
2026-08-13 17:50:17.268931,truck,0.41
2026-08-13 17:50:17.268931,car,0.39
2026-08-13 17:50:17.268931,car,0.38
2026-08-13 17:50:17.268931,motorcycle,0.34
2026-08-13 17:50:17.268931,truck,0.3
2026-08-13 17:50:17.268931,car,0.26
2026-08-13 17:50:17.268931,car,0.25
2026-08-13 17:50:17.429059,bus,0.86
2026-08-13 17:50:17.429059,car,0.73
2026-08-13 17:50:17.429059,car,0.69
2026-08-13 17:50:17.429059,car,0.68
2026-08-13 17:50:17.429059,car,0.67
2026-08-13 17:50:17.429059,bus,0.59
2026-08-13 17:50:17.429059,car,0.58
2026-08-13 17:50:17.429059,car,0.55
2026-08-13 17:50:17.429059,car,0.54
2026-08-13 17:50:17.429059,car,0.49
2026-08-13 17:50:17.429059,car,0.46
2026-08-13 17:50:17.429059,motorcycle,0.46
2026-08-13 17:50:17.429059,car,0.45
2026-08-13 17:50:17.429059,car,0.44
2026-08-13 17:50:17.429059,truck,0.42
2026-08-13 17:50:17.429059,car,0.4
2026-08-13 17:50:17.429059,truck,0.37
2026-08-13 17:50:17.429059,car,0.37
2026-08-13 17:50:17.429059,car,0.35
2026-08-13 17:50:17.429059,motorcycle,0.34
2026-08-13 17:50:17.429059,truck,0.3
2026-08-13 17:50:17.431118,car,0.27
2026-08-13 17:50:17.577980,bus,0.88
2026-08-13 17:50:17.577980,car,0.78
2026-08-13 17:50:17.577980,car,0.71
2026-08-13 17:50:17.579013,car,0.69
2026-08-13 17:50:17.579013,bus,0.64
2026-08-13 17:50:17.579013,car,0.59
2026-08-13 17:50:17.579013,car,0.58
2026-08-13 17:50:17.579013,car,0.58
2026-08-13 17:50:17.579013,car,0.55
2026-08-13 17:50:17.579013,car,0.51
2026-08-13 17:50:17.579013,motorcycle,0.5
2026-08-13 17:50:17.579013,motorcycle,0.49
2026-08-13 17:50:17.579013,car,0.48
2026-08-13 17:50:17.579013,car,0.47
2026-08-13 17:50:17.579013,truck,0.46
2026-08-13 17:50:17.579013,car,0.46
2026-08-13 17:50:17.579013,car,0.43
2026-08-13 17:50:17.579013,car,0.43
2026-08-13 17:50:17.579013,truck,0.39
2026-08-13 17:50:17.579013,truck,0.32
2026-08-13 17:50:17.579013,motorcycle,0.28
2026-08-13 17:50:17.579013,person,0.26
2026-08-13 17:50:17.579013,car,0.25
2026-08-13 17:50:17.698947,bus,0.88
2026-08-13 17:50:17.698947,car,0.74
2026-08-13 17:50:17.698947,car,0.7
2026-08-13 17:50:17.698947,car,0.67
2026-08-13 17:50:17.698947,car,0.67
2026-08-13 17:50:17.698947,car,0.64
2026-08-13 17:50:17.701077,bus,0.64
2026-08-13 17:50:17.701077,car,0.61
2026-08-13 17:50:17.701077,car,0.58
2026-08-13 17:50:17.701077,car,0.55
2026-08-13 17:50:17.701077,motorcycle,0.48
2026-08-13 17:50:17.701077,truck,0.48
2026-08-13 17:50:17.701077,car,0.46
2026-08-13 17:50:17.701077,car,0.46
2026-08-13 17:50:17.701077,car,0.45
2026-08-13 17:50:17.701077,car,0.4
2026-08-13 17:50:17.701077,truck,0.39
2026-08-13 17:50:17.701077,car,0.38
2026-08-13 17:50:17.701077,truck,0.3
2026-08-13 17:50:17.824682,bus,0.88
2026-08-13 17:50:17.824682,car,0.73
2026-08-13 17:50:17.824682,car,0.68
2026-08-13 17:50:17.824682,car,0.66
2026-08-13 17:50:17.824682,bus,0.65
2026-08-13 17:50:17.824682,car,0.59
2026-08-13 17:50:17.824682,car,0.55
2026-08-13 17:50:17.824682,car,0.52
2026-08-13 17:50:17.824682,motorcycle,0.52
2026-08-13 17:50:17.824682,car,0.51
2026-08-13 17:50:17.824682,car,0.48
2026-08-13 17:50:17.824682,car,0.46
2026-08-13 17:50:17.824682,truck,0.45
2026-08-13 17:50:17.824682,car,0.44
2026-08-13 17:50:17.824682,motorcycle,0.44
2026-08-13 17:50:17.824682,car,0.39
2026-08-13 17:50:17.824682,car,0.37
2026-08-13 17:50:17.824682,truck,0.36
2026-08-13 17:50:17.824682,bus,0.36
2026-08-13 17:50:17.824682,truck,0.34
2026-08-13 17:50:17.824682,car,0.32
2026-08-13 17:50:17.824682,car,0.26
2026-08-13 17:50:17.824682,car,0.25
2026-08-13 17:50:17.938653,bus,0.86
2026-08-13 17:50:17.938653,car,0.78
2026-08-13 17:50:17.938653,car,0.71
2026-08-13 17:50:17.938653,car,0.65
2026-08-13 17:50:17.938653,bus,0.65
2026-08-13 17:50:17.938653,car,0.59
2026-08-13 17:50:17.938653,car,0.57
2026-08-13 17:50:17.938653,car,0.54
2026-08-13 17:50:17.938653,car,0.47
2026-08-13 17:50:17.938653,truck,0.47
2026-08-13 17:50:17.938653,car,0.47
2026-08-13 17:50:17.938653,motorcycle,0.46
2026-08-13 17:50:17.938653,truck,0.46
2026-08-13 17:50:17.938653,truck,0.44
2026-08-13 17:50:17.938653,motorcycle,0.42
2026-08-13 17:50:17.938653,car,0.4
2026-08-13 17:50:17.938653,car,0.39
2026-08-13 17:50:17.938653,person,0.35
2026-08-13 17:50:17.938653,truck,0.34
2026-08-13 17:50:17.938653,car,0.3
2026-08-13 17:50:17.938653,car,0.3
2026-08-13 17:50:17.938653,car,0.28
2026-08-13 17:50:18.060862,bus,0.86
2026-08-13 17:50:18.060862,car,0.82
2026-08-13 17:50:18.060862,car,0.78
2026-08-13 17:50:18.060862,car,0.73
2026-08-13 17:50:18.060862,car,0.69
2026-08-13 17:50:18.060862,bus,0.65
2026-08-13 17:50:18.062868,car,0.63
2026-08-13 17:50:18.062868,car,0.57
2026-08-13 17:50:18.062868,car,0.51
2026-08-13 17:50:18.062868,motorcycle,0.47
2026-08-13 17:50:18.062868,car,0.46
2026-08-13 17:50:18.062868,truck,0.44
2026-08-13 17:50:18.062868,truck,0.44
2026-08-13 17:50:18.062868,motorcycle,0.44
2026-08-13 17:50:18.062868,car,0.42
2026-08-13 17:50:18.062868,car,0.42
2026-08-13 17:50:18.062868,person,0.32
2026-08-13 17:50:18.062868,car,0.29
2026-08-13 17:50:18.062868,car,0.28
2026-08-13 17:50:18.064629,car,0.27
2026-08-13 17:50:18.064629,car,0.27
2026-08-13 17:50:18.180523,bus,0.87
2026-08-13 17:50:18.180523,car,0.81
2026-08-13 17:50:18.180523,car,0.76
2026-08-13 17:50:18.180523,car,0.71
2026-08-13 17:50:18.180523,car,0.71
2026-08-13 17:50:18.180523,car,0.7
2026-08-13 17:50:18.180523,car,0.58
2026-08-13 17:50:18.180523,car,0.57
2026-08-13 17:50:18.180523,car,0.54
2026-08-13 17:50:18.180523,bus,0.52
2026-08-13 17:50:18.180523,truck,0.5
2026-08-13 17:50:18.180523,car,0.5
2026-08-13 17:50:18.180523,motorcycle,0.49
2026-08-13 17:50:18.180523,car,0.47
2026-08-13 17:50:18.180523,motorcycle,0.47
2026-08-13 17:50:18.180523,truck,0.39
2026-08-13 17:50:18.180523,car,0.31
2026-08-13 17:50:18.180523,car,0.3
2026-08-13 17:50:18.180523,car,0.29
2026-08-13 17:50:18.180523,person,0.27
2026-08-13 17:50:18.180523,person,0.26
2026-08-13 17:50:18.180523,car,0.26
2026-08-13 17:50:18.180523,person,0.26
2026-08-13 17:50:18.319771,bus,0.87
2026-08-13 17:50:18.319771,car,0.82
2026-08-13 17:50:18.319771,car,0.74
2026-08-13 17:50:18.319771,car,0.73
2026-08-13 17:50:18.319771,car,0.69
2026-08-13 17:50:18.319771,car,0.66
2026-08-13 17:50:18.319771,car,0.62
2026-08-13 17:50:18.319771,car,0.56
2026-08-13 17:50:18.319771,car,0.55
2026-08-13 17:50:18.319771,truck,0.53
2026-08-13 17:50:18.319771,motorcycle,0.51
2026-08-13 17:50:18.319771,car,0.46
2026-08-13 17:50:18.319771,motorcycle,0.38
2026-08-13 17:50:18.319771,car,0.36
2026-08-13 17:50:18.319771,bus,0.36
2026-08-13 17:50:18.319771,truck,0.35
2026-08-13 17:50:18.319771,car,0.3
2026-08-13 17:50:18.319771,truck,0.29
2026-08-13 17:50:18.319771,person,0.25
2026-08-13 17:50:18.435597,bus,0.87
2026-08-13 17:50:18.435597,car,0.83
2026-08-13 17:50:18.435597,car,0.78
2026-08-13 17:50:18.435597,car,0.71
2026-08-13 17:50:18.435597,car,0.69
2026-08-13 17:50:18.435597,car,0.68
2026-08-13 17:50:18.435597,car,0.67
2026-08-13 17:50:18.435597,motorcycle,0.62
2026-08-13 17:50:18.435597,car,0.62
2026-08-13 17:50:18.435597,truck,0.57
2026-08-13 17:50:18.435597,car,0.44
2026-08-13 17:50:18.435597,bus,0.44
2026-08-13 17:50:18.435597,car,0.43
2026-08-13 17:50:18.435597,car,0.4
2026-08-13 17:50:18.435597,truck,0.33
2026-08-13 17:50:18.437605,car,0.32
2026-08-13 17:50:18.437605,car,0.31
2026-08-13 17:50:18.437605,car,0.26
2026-08-13 17:50:18.551425,bus,0.86
2026-08-13 17:50:18.551425,car,0.83
2026-08-13 17:50:18.551425,car,0.79
2026-08-13 17:50:18.551425,car,0.74
2026-08-13 17:50:18.551425,car,0.71
2026-08-13 17:50:18.551425,car,0.7
2026-08-13 17:50:18.551425,car,0.68
2026-08-13 17:50:18.551425,motorcycle,0.62
2026-08-13 17:50:18.553433,truck,0.58
2026-08-13 17:50:18.553433,car,0.57
2026-08-13 17:50:18.553433,car,0.56
2026-08-13 17:50:18.553433,car,0.49
2026-08-13 17:50:18.553433,car,0.42
2026-08-13 17:50:18.553433,person,0.34
2026-08-13 17:50:18.554439,bus,0.34
2026-08-13 17:50:18.554439,car,0.31
2026-08-13 17:50:18.554439,car,0.28
2026-08-13 17:50:18.554439,bus,0.28
2026-08-13 17:50:18.554439,car,0.26
2026-08-13 17:50:18.690704,bus,0.86
2026-08-13 17:50:18.690704,car,0.79
2026-08-13 17:50:18.690704,car,0.77
2026-08-13 17:50:18.690704,car,0.72
2026-08-13 17:50:18.690704,car,0.68
2026-08-13 17:50:18.690704,car,0.6
2026-08-13 17:50:18.690704,truck,0.59
2026-08-13 17:50:18.690704,motorcycle,0.56
2026-08-13 17:50:18.690704,car,0.55
2026-08-13 17:50:18.690704,car,0.49
2026-08-13 17:50:18.690704,car,0.46
2026-08-13 17:50:18.690704,car,0.45
2026-08-13 17:50:18.690704,motorcycle,0.43
2026-08-13 17:50:18.690704,car,0.41
2026-08-13 17:50:18.690704,car,0.36
2026-08-13 17:50:18.690704,bus,0.35
2026-08-13 17:50:18.694643,truck,0.34
2026-08-13 17:50:18.694643,bus,0.33
2026-08-13 17:50:18.694643,person,0.32
2026-08-13 17:50:18.694643,car,0.29
2026-08-13 17:50:18.821384,bus,0.83
2026-08-13 17:50:18.823406,car,0.79
2026-08-13 17:50:18.823406,car,0.75
2026-08-13 17:50:18.823406,car,0.75
2026-08-13 17:50:18.823406,car,0.75
2026-08-13 17:50:18.823406,car,0.69
2026-08-13 17:50:18.823406,truck,0.57
2026-08-13 17:50:18.823406,motorcycle,0.51
2026-08-13 17:50:18.823406,car,0.5
2026-08-13 17:50:18.823406,car,0.5
2026-08-13 17:50:18.823406,car,0.5
2026-08-13 17:50:18.823406,motorcycle,0.48
2026-08-13 17:50:18.823406,car,0.44
2026-08-13 17:50:18.823406,car,0.43
2026-08-13 17:50:18.823406,bus,0.39
2026-08-13 17:50:18.823406,car,0.37
2026-08-13 17:50:18.823406,motorcycle,0.35
2026-08-13 17:50:18.825912,truck,0.33
2026-08-13 17:50:18.825912,person,0.33
2026-08-13 17:50:18.825912,bus,0.31
2026-08-13 17:50:18.825912,car,0.26
2026-08-13 17:50:18.825912,car,0.25
2026-08-13 17:50:18.961281,bus,0.85
2026-08-13 17:50:18.961281,car,0.78
2026-08-13 17:50:18.961281,car,0.72
2026-08-13 17:50:18.961281,car,0.71
2026-08-13 17:50:18.961281,car,0.7
2026-08-13 17:50:18.963309,car,0.64
2026-08-13 17:50:18.963309,car,0.6
2026-08-13 17:50:18.963309,car,0.57
2026-08-13 17:50:18.963309,car,0.52
2026-08-13 17:50:18.963309,bus,0.52
2026-08-13 17:50:18.963309,truck,0.49
2026-08-13 17:50:18.963309,motorcycle,0.48
2026-08-13 17:50:18.963309,car,0.45
2026-08-13 17:50:18.963309,car,0.45
2026-08-13 17:50:18.963309,motorcycle,0.44
2026-08-13 17:50:18.963309,car,0.42
2026-08-13 17:50:18.963309,bus,0.38
2026-08-13 17:50:18.963309,car,0.3
2026-08-13 17:50:18.963309,person,0.3
2026-08-13 17:50:18.963309,car,0.29
2026-08-13 17:50:18.965318,person,0.28
2026-08-13 17:50:18.965318,motorcycle,0.27
2026-08-13 17:50:18.965318,bus,0.25
2026-08-13 17:50:19.132254,bus,0.82
2026-08-13 17:50:19.132254,car,0.81
2026-08-13 17:50:19.132254,car,0.68
2026-08-13 17:50:19.132254,car,0.63
2026-08-13 17:50:19.132254,car,0.63
2026-08-13 17:50:19.132254,motorcycle,0.62
2026-08-13 17:50:19.132254,car,0.59
2026-08-13 17:50:19.132254,bus,0.52
2026-08-13 17:50:19.134265,car,0.52
2026-08-13 17:50:19.134265,truck,0.49
2026-08-13 17:50:19.134265,car,0.48
2026-08-13 17:50:19.134265,car,0.47
2026-08-13 17:50:19.134265,car,0.47
2026-08-13 17:50:19.134265,car,0.46
2026-08-13 17:50:19.134265,car,0.45
2026-08-13 17:50:19.134265,truck,0.37
2026-08-13 17:50:19.134265,car,0.35
2026-08-13 17:50:19.134265,bus,0.35
2026-08-13 17:50:19.134265,person,0.31
2026-08-13 17:50:19.134265,car,0.27
2026-08-13 17:50:19.313917,bus,0.8
2026-08-13 17:50:19.313917,car,0.77
2026-08-13 17:50:19.313917,car,0.76
2026-08-13 17:50:19.313917,car,0.68
2026-08-13 17:50:19.313917,car,0.63
2026-08-13 17:50:19.313917,motorcycle,0.62
2026-08-13 17:50:19.313917,car,0.57
2026-08-13 17:50:19.313917,bus,0.53
2026-08-13 17:50:19.316101,truck,0.5
2026-08-13 17:50:19.316101,car,0.49
2026-08-13 17:50:19.316101,car,0.49
2026-08-13 17:50:19.316101,car,0.45
2026-08-13 17:50:19.316101,car,0.44
2026-08-13 17:50:19.316101,truck,0.42
2026-08-13 17:50:19.316101,bus,0.35
2026-08-13 17:50:19.316101,car,0.35
2026-08-13 17:50:19.316101,car,0.34
2026-08-13 17:50:19.316101,car,0.33
2026-08-13 17:50:19.316101,car,0.32
2026-08-13 17:50:19.316101,motorcycle,0.31
2026-08-13 17:50:19.316101,person,0.3
2026-08-13 17:50:19.316101,truck,0.28
2026-08-13 17:50:19.318107,car,0.27
2026-08-13 17:50:19.318107,motorcycle,0.26
2026-08-13 17:50:19.478759,car,0.81
2026-08-13 17:50:19.478759,bus,0.81
2026-08-13 17:50:19.478759,car,0.77
2026-08-13 17:50:19.478759,motorcycle,0.67
2026-08-13 17:50:19.478759,car,0.67
2026-08-13 17:50:19.480826,car,0.58
2026-08-13 17:50:19.480826,car,0.56
2026-08-13 17:50:19.480826,bus,0.56
2026-08-13 17:50:19.480826,car,0.55
2026-08-13 17:50:19.480826,car,0.55
2026-08-13 17:50:19.480826,car,0.49
2026-08-13 17:50:19.480826,truck,0.49
2026-08-13 17:50:19.480826,car,0.47
2026-08-13 17:50:19.480826,car,0.46
2026-08-13 17:50:19.480826,car,0.46
2026-08-13 17:50:19.480826,car,0.39
2026-08-13 17:50:19.480826,person,0.39
2026-08-13 17:50:19.480826,bus,0.38
2026-08-13 17:50:19.480826,car,0.36
2026-08-13 17:50:19.480826,car,0.32
2026-08-13 17:50:19.653135,bus,0.89
2026-08-13 17:50:19.653135,car,0.82
2026-08-13 17:50:19.653135,car,0.74
2026-08-13 17:50:19.653135,car,0.67
2026-08-13 17:50:19.655141,bus,0.6
2026-08-13 17:50:19.655141,car,0.57
2026-08-13 17:50:19.655141,motorcycle,0.57
2026-08-13 17:50:19.655141,car,0.55
2026-08-13 17:50:19.655141,car,0.55
2026-08-13 17:50:19.655141,car,0.54
2026-08-13 17:50:19.655141,car,0.54
2026-08-13 17:50:19.655141,car,0.53
2026-08-13 17:50:19.655141,car,0.47
2026-08-13 17:50:19.655141,truck,0.47
2026-08-13 17:50:19.655141,car,0.45
2026-08-13 17:50:19.655141,bus,0.4
2026-08-13 17:50:19.655141,car,0.32
2026-08-13 17:50:19.655141,car,0.3
2026-08-13 17:50:19.655141,car,0.28
2026-08-13 17:50:19.655141,car,0.25
2026-08-13 17:50:19.780953,bus,0.86
2026-08-13 17:50:19.780953,car,0.84
2026-08-13 17:50:19.780953,car,0.75
2026-08-13 17:50:19.780953,car,0.67
2026-08-13 17:50:19.782959,car,0.63
2026-08-13 17:50:19.782959,bus,0.6
2026-08-13 17:50:19.782959,car,0.6
2026-08-13 17:50:19.782959,car,0.58
2026-08-13 17:50:19.782959,motorcycle,0.52
2026-08-13 17:50:19.782959,car,0.52
2026-08-13 17:50:19.782959,car,0.48
2026-08-13 17:50:19.782959,truck,0.47
2026-08-13 17:50:19.782959,car,0.44
2026-08-13 17:50:19.782959,car,0.41
2026-08-13 17:50:19.782959,truck,0.41
2026-08-13 17:50:19.782959,car,0.37
2026-08-13 17:50:19.782959,truck,0.36
2026-08-13 17:50:19.782959,car,0.32
2026-08-13 17:50:19.784964,car,0.29
2026-08-13 17:50:19.784964,car,0.26
2026-08-13 17:50:19.908792,car,0.86
2026-08-13 17:50:19.908792,bus,0.8
2026-08-13 17:50:19.908792,car,0.74
2026-08-13 17:50:19.908792,car,0.69
2026-08-13 17:50:19.908792,car,0.67
2026-08-13 17:50:19.908792,car,0.56
2026-08-13 17:50:19.908792,motorcycle,0.53
2026-08-13 17:50:19.908792,truck,0.51
2026-08-13 17:50:19.908792,car,0.5
2026-08-13 17:50:19.908792,car,0.49
2026-08-13 17:50:19.908792,bus,0.48
2026-08-13 17:50:19.908792,truck,0.45
2026-08-13 17:50:19.908792,car,0.45
2026-08-13 17:50:19.908792,car,0.43
2026-08-13 17:50:19.908792,truck,0.42
2026-08-13 17:50:19.908792,truck,0.41
2026-08-13 17:50:19.908792,car,0.38
2026-08-13 17:50:19.908792,car,0.36
2026-08-13 17:50:19.908792,car,0.32
2026-08-13 17:50:19.908792,car,0.27
2026-08-13 17:50:19.910838,person,0.26
2026-08-13 17:50:19.910838,car,0.26
2026-08-13 17:50:20.041088,bus,0.84
2026-08-13 17:50:20.041088,car,0.82
2026-08-13 17:50:20.041088,car,0.71
2026-08-13 17:50:20.041088,car,0.71
2026-08-13 17:50:20.041088,motorcycle,0.63
2026-08-13 17:50:20.041088,car,0.62
2026-08-13 17:50:20.041088,car,0.6
2026-08-13 17:50:20.041088,bus,0.53
2026-08-13 17:50:20.041088,car,0.51
2026-08-13 17:50:20.046099,truck,0.48
2026-08-13 17:50:20.046099,truck,0.46
2026-08-13 17:50:20.046099,car,0.46
2026-08-13 17:50:20.046099,car,0.41
2026-08-13 17:50:20.046099,car,0.39
2026-08-13 17:50:20.046099,truck,0.37
2026-08-13 17:50:20.046099,motorcycle,0.35
2026-08-13 17:50:20.046099,car,0.33
2026-08-13 17:50:20.046099,car,0.3
2026-08-13 17:50:20.046099,car,0.27
2026-08-13 17:50:20.160761,bus,0.83
2026-08-13 17:50:20.160761,car,0.82
2026-08-13 17:50:20.160761,car,0.71
2026-08-13 17:50:20.160761,car,0.71
2026-08-13 17:50:20.162767,motorcycle,0.65
2026-08-13 17:50:20.162767,car,0.58
2026-08-13 17:50:20.162767,truck,0.55
2026-08-13 17:50:20.162767,car,0.54
2026-08-13 17:50:20.162767,bus,0.53
2026-08-13 17:50:20.162767,car,0.52
2026-08-13 17:50:20.162767,car,0.52
2026-08-13 17:50:20.162767,truck,0.48
2026-08-13 17:50:20.162767,car,0.43
2026-08-13 17:50:20.162767,motorcycle,0.34
2026-08-13 17:50:20.162767,car,0.32
2026-08-13 17:50:20.162767,car,0.31
2026-08-13 17:50:20.162767,car,0.3
2026-08-13 17:50:20.278981,car,0.85
2026-08-13 17:50:20.278981,bus,0.84
2026-08-13 17:50:20.278981,car,0.75
2026-08-13 17:50:20.278981,car,0.74
2026-08-13 17:50:20.278981,motorcycle,0.6
2026-08-13 17:50:20.278981,car,0.6
2026-08-13 17:50:20.278981,car,0.59
2026-08-13 17:50:20.278981,car,0.58
2026-08-13 17:50:20.278981,bus,0.51
2026-08-13 17:50:20.278981,truck,0.5
2026-08-13 17:50:20.278981,truck,0.48
2026-08-13 17:50:20.278981,car,0.44
2026-08-13 17:50:20.278981,car,0.44
2026-08-13 17:50:20.278981,truck,0.43
2026-08-13 17:50:20.278981,car,0.39
2026-08-13 17:50:20.278981,car,0.37
2026-08-13 17:50:20.278981,car,0.32
2026-08-13 17:50:20.278981,car,0.3
2026-08-13 17:50:20.278981,car,0.29
2026-08-13 17:50:20.395754,car,0.86
2026-08-13 17:50:20.395754,bus,0.82
2026-08-13 17:50:20.395754,car,0.79
2026-08-13 17:50:20.395754,car,0.78
2026-08-13 17:50:20.395754,car,0.64
2026-08-13 17:50:20.395754,motorcycle,0.62
2026-08-13 17:50:20.395754,car,0.61
2026-08-13 17:50:20.395754,car,0.59
2026-08-13 17:50:20.395754,car,0.53
2026-08-13 17:50:20.395754,car,0.51
2026-08-13 17:50:20.395754,truck,0.48
2026-08-13 17:50:20.395754,bus,0.48
2026-08-13 17:50:20.395754,car,0.44
2026-08-13 17:50:20.395754,truck,0.41
2026-08-13 17:50:20.398780,car,0.39
2026-08-13 17:50:20.398780,car,0.35
2026-08-13 17:50:20.398780,car,0.31
2026-08-13 17:50:20.398780,car,0.3
2026-08-13 17:50:20.521183,car,0.86
2026-08-13 17:50:20.521183,bus,0.81
2026-08-13 17:50:20.521183,car,0.78
2026-08-13 17:50:20.521183,car,0.77
2026-08-13 17:50:20.521183,motorcycle,0.7
2026-08-13 17:50:20.521183,car,0.7
2026-08-13 17:50:20.521183,car,0.57
2026-08-13 17:50:20.521183,car,0.53
2026-08-13 17:50:20.521183,car,0.53
2026-08-13 17:50:20.521183,car,0.47
2026-08-13 17:50:20.521183,bus,0.47
2026-08-13 17:50:20.523192,car,0.43
2026-08-13 17:50:20.523192,truck,0.42
2026-08-13 17:50:20.523192,truck,0.42
2026-08-13 17:50:20.523192,car,0.37
2026-08-13 17:50:20.523192,car,0.3
2026-08-13 17:50:20.523192,car,0.3
2026-08-13 17:50:20.523192,car,0.28
2026-08-13 17:50:20.523192,car,0.26
2026-08-13 17:50:20.523192,car,0.25
2026-08-13 17:50:20.639028,car,0.87
2026-08-13 17:50:20.641154,bus,0.82
2026-08-13 17:50:20.641154,car,0.75
2026-08-13 17:50:20.641154,car,0.7
2026-08-13 17:50:20.641154,truck,0.58
2026-08-13 17:50:20.641154,car,0.58
2026-08-13 17:50:20.641154,car,0.54
2026-08-13 17:50:20.641154,motorcycle,0.52
2026-08-13 17:50:20.641154,car,0.51
2026-08-13 17:50:20.641154,bus,0.5
2026-08-13 17:50:20.641154,car,0.46
2026-08-13 17:50:20.641154,truck,0.44
2026-08-13 17:50:20.641154,car,0.42
2026-08-13 17:50:20.641154,car,0.41
2026-08-13 17:50:20.641154,car,0.4
2026-08-13 17:50:20.641154,car,0.39
2026-08-13 17:50:20.641154,car,0.31
2026-08-13 17:50:20.641154,motorcycle,0.31
2026-08-13 17:50:20.641154,car,0.29
2026-08-13 17:50:20.641154,car,0.29
2026-08-13 17:50:20.768258,car,0.87
2026-08-13 17:50:20.768258,bus,0.82
2026-08-13 17:50:20.768258,car,0.72
2026-08-13 17:50:20.768764,car,0.71
2026-08-13 17:50:20.768764,car,0.64
2026-08-13 17:50:20.768764,car,0.58
2026-08-13 17:50:20.768764,car,0.56
2026-08-13 17:50:20.768764,motorcycle,0.52
2026-08-13 17:50:20.768764,truck,0.51
2026-08-13 17:50:20.768764,bus,0.5
2026-08-13 17:50:20.768764,truck,0.45
2026-08-13 17:50:20.768764,truck,0.45
2026-08-13 17:50:20.768764,car,0.45
2026-08-13 17:50:20.768764,car,0.44
2026-08-13 17:50:20.768764,motorcycle,0.42
2026-08-13 17:50:20.768764,car,0.35
2026-08-13 17:50:20.768764,car,0.34
2026-08-13 17:50:20.768764,car,0.31
2026-08-13 17:50:20.768764,car,0.3
2026-08-13 17:50:20.768764,car,0.29
2026-08-13 17:50:20.768764,car,0.27
2026-08-13 17:50:20.768764,motorcycle,0.27
2026-08-13 17:50:20.914176,car,0.89
2026-08-13 17:50:20.914176,bus,0.82
2026-08-13 17:50:20.914176,car,0.77
2026-08-13 17:50:20.914176,car,0.7
2026-08-13 17:50:20.914176,car,0.64
2026-08-13 17:50:20.914176,car,0.61
2026-08-13 17:50:20.914176,motorcycle,0.56
2026-08-13 17:50:20.914176,bus,0.56
2026-08-13 17:50:20.914176,car,0.51
2026-08-13 17:50:20.914176,truck,0.49
2026-08-13 17:50:20.914176,car,0.45
2026-08-13 17:50:20.918591,car,0.44
2026-08-13 17:50:20.918591,car,0.44
2026-08-13 17:50:20.918591,car,0.42
2026-08-13 17:50:20.918591,car,0.4
2026-08-13 17:50:20.918591,truck,0.4
2026-08-13 17:50:20.918591,car,0.39
2026-08-13 17:50:20.918591,car,0.33
2026-08-13 17:50:20.918591,motorcycle,0.33
2026-08-13 17:50:20.918591,truck,0.29
2026-08-13 17:50:20.918591,motorcycle,0.28
2026-08-13 17:50:20.918591,car,0.25
2026-08-13 17:50:21.062860,car,0.87
2026-08-13 17:50:21.062860,bus,0.81
2026-08-13 17:50:21.062860,car,0.78
2026-08-13 17:50:21.062860,car,0.75
2026-08-13 17:50:21.062860,car,0.71
2026-08-13 17:50:21.062860,bus,0.61
2026-08-13 17:50:21.062860,car,0.55
2026-08-13 17:50:21.062860,car,0.54
2026-08-13 17:50:21.062860,motorcycle,0.51
2026-08-13 17:50:21.064866,car,0.5
2026-08-13 17:50:21.064866,car,0.48
2026-08-13 17:50:21.064866,car,0.45
2026-08-13 17:50:21.064866,truck,0.42
2026-08-13 17:50:21.064866,car,0.4
2026-08-13 17:50:21.064866,car,0.37
2026-08-13 17:50:21.065873,car,0.3
2026-08-13 17:50:21.065873,bus,0.28
2026-08-13 17:50:21.065873,car,0.26
2026-08-13 17:50:21.201037,car,0.84
2026-08-13 17:50:21.201037,bus,0.81
2026-08-13 17:50:21.201037,car,0.81
2026-08-13 17:50:21.201037,car,0.8
2026-08-13 17:50:21.201037,car,0.66
2026-08-13 17:50:21.201037,motorcycle,0.65
2026-08-13 17:50:21.201037,bus,0.6
2026-08-13 17:50:21.201037,car,0.58
2026-08-13 17:50:21.203048,car,0.55
2026-08-13 17:50:21.203048,car,0.54
2026-08-13 17:50:21.203048,car,0.52
2026-08-13 17:50:21.203048,truck,0.44
2026-08-13 17:50:21.203048,car,0.41
2026-08-13 17:50:21.203048,car,0.4
2026-08-13 17:50:21.203048,car,0.37
2026-08-13 17:50:21.203048,car,0.37
2026-08-13 17:50:21.203048,car,0.36
2026-08-13 17:50:21.203048,bus,0.31
2026-08-13 17:50:21.399574,car,0.85
2026-08-13 17:50:21.399943,bus,0.84
2026-08-13 17:50:21.399943,car,0.81
2026-08-13 17:50:21.399943,car,0.79
2026-08-13 17:50:21.399943,motorcycle,0.65
2026-08-13 17:50:21.399943,bus,0.61
2026-08-13 17:50:21.399943,car,0.6
2026-08-13 17:50:21.399943,car,0.52
2026-08-13 17:50:21.399943,car,0.49
2026-08-13 17:50:21.399943,car,0.47
2026-08-13 17:50:21.401951,car,0.47
2026-08-13 17:50:21.401951,truck,0.45
2026-08-13 17:50:21.401951,car,0.43
2026-08-13 17:50:21.401951,car,0.42
2026-08-13 17:50:21.401951,car,0.38
2026-08-13 17:50:21.401951,car,0.37
2026-08-13 17:50:21.401951,bus,0.33
2026-08-13 17:50:21.401951,car,0.3
2026-08-13 17:50:21.570680,car,0.85
2026-08-13 17:50:21.570680,car,0.83
2026-08-13 17:50:21.570680,bus,0.81
2026-08-13 17:50:21.570680,car,0.8
2026-08-13 17:50:21.572686,car,0.67
2026-08-13 17:50:21.572686,motorcycle,0.65
2026-08-13 17:50:21.572686,car,0.58
2026-08-13 17:50:21.572686,bus,0.57
2026-08-13 17:50:21.572686,car,0.55
2026-08-13 17:50:21.572686,car,0.52
2026-08-13 17:50:21.572686,car,0.51
2026-08-13 17:50:21.572686,car,0.46
2026-08-13 17:50:21.572686,motorcycle,0.43
2026-08-13 17:50:21.572686,car,0.41
2026-08-13 17:50:21.572686,truck,0.4
2026-08-13 17:50:21.574796,car,0.35
2026-08-13 17:50:21.574796,car,0.33
2026-08-13 17:50:21.574796,bus,0.32
2026-08-13 17:50:21.574796,car,0.3
2026-08-13 17:50:21.574796,car,0.26
2026-08-13 17:50:21.574796,car,0.26
2026-08-13 17:50:21.574796,motorcycle,0.25
2026-08-13 17:50:21.762765,car,0.85
2026-08-13 17:50:21.762765,bus,0.84
2026-08-13 17:50:21.762765,car,0.81
2026-08-13 17:50:21.762765,car,0.73
2026-08-13 17:50:21.762765,motorcycle,0.66
2026-08-13 17:50:21.762765,car,0.63
2026-08-13 17:50:21.765836,bus,0.56
2026-08-13 17:50:21.765836,car,0.55
2026-08-13 17:50:21.765836,car,0.52
2026-08-13 17:50:21.765836,car,0.46
2026-08-13 17:50:21.765836,car,0.45
2026-08-13 17:50:21.765836,car,0.44
2026-08-13 17:50:21.765836,truck,0.43
2026-08-13 17:50:21.765836,car,0.41
2026-08-13 17:50:21.765836,car,0.37
2026-08-13 17:50:21.765836,motorcycle,0.36
2026-08-13 17:50:21.765836,truck,0.34
2026-08-13 17:50:21.765836,bus,0.32
2026-08-13 17:50:21.765836,car,0.3
2026-08-13 17:50:21.768697,car,0.29
2026-08-13 17:50:21.768697,car,0.27
2026-08-13 17:50:21.768697,person,0.26
2026-08-13 17:50:21.908991,bus,0.84
2026-08-13 17:50:21.908991,car,0.84
2026-08-13 17:50:21.908991,car,0.8
2026-08-13 17:50:21.908991,car,0.78
2026-08-13 17:50:21.908991,motorcycle,0.59
2026-08-13 17:50:21.908991,bus,0.59
2026-08-13 17:50:21.908991,car,0.58
2026-08-13 17:50:21.908991,car,0.48
2026-08-13 17:50:21.908991,car,0.48
2026-08-13 17:50:21.908991,car,0.47
2026-08-13 17:50:21.908991,car,0.47
2026-08-13 17:50:21.908991,car,0.42
2026-08-13 17:50:21.908991,car,0.42
2026-08-13 17:50:21.913712,truck,0.35
2026-08-13 17:50:21.913712,car,0.34
2026-08-13 17:50:21.913712,truck,0.33
2026-08-13 17:50:21.913712,motorcycle,0.31
2026-08-13 17:50:21.913712,car,0.29
2026-08-13 17:50:21.913712,bus,0.29
2026-08-13 17:50:21.913712,car,0.27
2026-08-13 17:50:21.913712,person,0.26
2026-08-13 17:50:21.913712,car,0.26
2026-08-13 17:50:21.913712,bus,0.25
2026-08-13 17:50:22.029448,car,0.86
2026-08-13 17:50:22.029448,bus,0.85
2026-08-13 17:50:22.029448,car,0.83
2026-08-13 17:50:22.029448,car,0.79
2026-08-13 17:50:22.029448,car,0.65
2026-08-13 17:50:22.029448,car,0.57
2026-08-13 17:50:22.029448,car,0.53
2026-08-13 17:50:22.029448,bus,0.5
2026-08-13 17:50:22.029448,car,0.49
2026-08-13 17:50:22.029448,car,0.46
2026-08-13 17:50:22.029448,car,0.44
2026-08-13 17:50:22.029448,motorcycle,0.43
2026-08-13 17:50:22.029448,truck,0.41
2026-08-13 17:50:22.029448,car,0.32
2026-08-13 17:50:22.029448,car,0.31
2026-08-13 17:50:22.029448,bus,0.3
2026-08-13 17:50:22.029448,car,0.28
2026-08-13 17:50:22.029448,bus,0.27
2026-08-13 17:50:22.141668,car,0.88
2026-08-13 17:50:22.141668,bus,0.87
2026-08-13 17:50:22.141668,car,0.82
2026-08-13 17:50:22.141668,car,0.78
2026-08-13 17:50:22.150449,car,0.76
2026-08-13 17:50:22.150449,car,0.66
2026-08-13 17:50:22.150449,car,0.55
2026-08-13 17:50:22.150449,car,0.54
2026-08-13 17:50:22.150449,car,0.49
2026-08-13 17:50:22.150449,car,0.49
2026-08-13 17:50:22.150449,motorcycle,0.43
2026-08-13 17:50:22.150449,car,0.42
2026-08-13 17:50:22.150449,bus,0.42
2026-08-13 17:50:22.150449,bus,0.35
2026-08-13 17:50:22.150449,car,0.33
2026-08-13 17:50:22.150449,bus,0.32
2026-08-13 17:50:22.150449,truck,0.32
2026-08-13 17:50:22.150449,person,0.27
2026-08-13 17:50:22.150449,motorcycle,0.26
2026-08-13 17:50:22.150449,car,0.26
2026-08-13 17:50:22.150449,car,0.25
2026-08-13 17:50:22.278882,car,0.86
2026-08-13 17:50:22.278882,bus,0.86
2026-08-13 17:50:22.278882,car,0.82
2026-08-13 17:50:22.278882,car,0.79
2026-08-13 17:50:22.278882,car,0.67
2026-08-13 17:50:22.278882,car,0.6
2026-08-13 17:50:22.281466,car,0.51
2026-08-13 17:50:22.281466,car,0.49
2026-08-13 17:50:22.281466,car,0.42
2026-08-13 17:50:22.281466,car,0.42
2026-08-13 17:50:22.281466,bus,0.39
2026-08-13 17:50:22.281466,car,0.36
2026-08-13 17:50:22.281466,motorcycle,0.34
2026-08-13 17:50:22.281466,car,0.34
2026-08-13 17:50:22.281466,truck,0.33
2026-08-13 17:50:22.281466,bus,0.31
2026-08-13 17:50:22.281466,person,0.3
2026-08-13 17:50:22.281466,bus,0.29
2026-08-13 17:50:22.281466,motorcycle,0.27
2026-08-13 17:50:22.398942,bus,0.87
2026-08-13 17:50:22.398942,car,0.87
2026-08-13 17:50:22.398942,car,0.81
2026-08-13 17:50:22.398942,car,0.78
2026-08-13 17:50:22.398942,car,0.72
2026-08-13 17:50:22.398942,car,0.62
2026-08-13 17:50:22.398942,car,0.54
2026-08-13 17:50:22.401001,car,0.51
2026-08-13 17:50:22.401001,bus,0.43
2026-08-13 17:50:22.401001,car,0.42
2026-08-13 17:50:22.401001,car,0.39
2026-08-13 17:50:22.401001,truck,0.38
2026-08-13 17:50:22.401001,car,0.37
2026-08-13 17:50:22.401001,person,0.36
2026-08-13 17:50:22.401001,car,0.31
2026-08-13 17:50:22.401001,bus,0.29
2026-08-13 17:50:22.401001,motorcycle,0.27
2026-08-13 17:50:22.401001,bus,0.26
2026-08-13 17:50:22.508746,bus,0.83
2026-08-13 17:50:22.511848,car,0.83
2026-08-13 17:50:22.511848,car,0.82
2026-08-13 17:50:22.511848,car,0.81
2026-08-13 17:50:22.511848,car,0.72
2026-08-13 17:50:22.511848,car,0.64
2026-08-13 17:50:22.511848,car,0.6
2026-08-13 17:50:22.511848,car,0.5
2026-08-13 17:50:22.511848,car,0.45
2026-08-13 17:50:22.511848,car,0.42
2026-08-13 17:50:22.511848,motorcycle,0.42
2026-08-13 17:50:22.511848,bus,0.41
2026-08-13 17:50:22.511848,car,0.39
2026-08-13 17:50:22.511848,truck,0.38
2026-08-13 17:50:22.511848,person,0.29
2026-08-13 17:50:22.511848,bus,0.29
2026-08-13 17:50:22.511848,car,0.27
2026-08-13 17:50:22.641037,car,0.85
2026-08-13 17:50:22.641037,car,0.84
2026-08-13 17:50:22.641037,bus,0.83
2026-08-13 17:50:22.641037,car,0.83
2026-08-13 17:50:22.641037,car,0.73
2026-08-13 17:50:22.641037,car,0.6
2026-08-13 17:50:22.641037,car,0.55
2026-08-13 17:50:22.641037,truck,0.49
2026-08-13 17:50:22.641037,car,0.48
2026-08-13 17:50:22.641037,car,0.48
2026-08-13 17:50:22.641037,car,0.47
2026-08-13 17:50:22.641037,motorcycle,0.46
2026-08-13 17:50:22.641037,bus,0.43
2026-08-13 17:50:22.641037,car,0.43
2026-08-13 17:50:22.643060,bus,0.34
2026-08-13 17:50:22.643060,bus,0.27
2026-08-13 17:50:22.643060,car,0.26
2026-08-13 17:50:22.643060,car,0.25
2026-08-13 17:50:22.643060,person,0.25
2026-08-13 17:50:22.749713,bus,0.85
2026-08-13 17:50:22.749713,car,0.83
2026-08-13 17:50:22.749713,car,0.82
2026-08-13 17:50:22.749713,car,0.8
2026-08-13 17:50:22.749713,car,0.64
2026-08-13 17:50:22.749713,car,0.6
2026-08-13 17:50:22.749713,car,0.53
2026-08-13 17:50:22.749713,car,0.52
2026-08-13 17:50:22.749713,car,0.48
2026-08-13 17:50:22.749713,motorcycle,0.48
2026-08-13 17:50:22.749713,car,0.42
2026-08-13 17:50:22.749713,bus,0.42
2026-08-13 17:50:22.749713,car,0.37
2026-08-13 17:50:22.749713,truck,0.37
2026-08-13 17:50:22.749713,bus,0.33
2026-08-13 17:50:22.749713,person,0.3
2026-08-13 17:50:22.749713,car,0.29
2026-08-13 17:50:22.749713,car,0.27
2026-08-13 17:50:22.938814,bus,0.87
2026-08-13 17:50:22.938814,car,0.81
2026-08-13 17:50:22.938814,car,0.8
2026-08-13 17:50:22.938814,car,0.77
2026-08-13 17:50:22.938814,car,0.68
2026-08-13 17:50:22.938814,car,0.6
2026-08-13 17:50:22.938814,car,0.59
2026-08-13 17:50:22.938814,car,0.54
2026-08-13 17:50:22.938814,car,0.49
2026-08-13 17:50:22.938814,car,0.47
2026-08-13 17:50:22.941908,motorcycle,0.46
2026-08-13 17:50:22.941908,truck,0.44
2026-08-13 17:50:22.941908,motorcycle,0.41
2026-08-13 17:50:22.941908,bus,0.4
2026-08-13 17:50:22.941908,person,0.31
2026-08-13 17:50:22.941908,bus,0.3
2026-08-13 17:50:22.941908,car,0.29
2026-08-13 17:50:22.941908,car,0.28
2026-08-13 17:50:22.941908,bus,0.26
2026-08-13 17:50:23.061985,bus,0.88
2026-08-13 17:50:23.061985,car,0.83
2026-08-13 17:50:23.061985,car,0.82
2026-08-13 17:50:23.061985,car,0.81
2026-08-13 17:50:23.061985,car,0.71
2026-08-13 17:50:23.068980,car,0.62
2026-08-13 17:50:23.068980,car,0.59
2026-08-13 17:50:23.068980,car,0.57
2026-08-13 17:50:23.068980,car,0.52
2026-08-13 17:50:23.068980,bus,0.42
2026-08-13 17:50:23.068980,car,0.41
2026-08-13 17:50:23.068980,person,0.39
2026-08-13 17:50:23.068980,motorcycle,0.37
2026-08-13 17:50:23.068980,truck,0.34
2026-08-13 17:50:23.068980,car,0.31
2026-08-13 17:50:23.068980,car,0.29
2026-08-13 17:50:23.068980,bus,0.26
2026-08-13 17:50:23.181265,bus,0.87
2026-08-13 17:50:23.181265,car,0.82
2026-08-13 17:50:23.181265,car,0.82
2026-08-13 17:50:23.181265,car,0.82
2026-08-13 17:50:23.181265,car,0.75
2026-08-13 17:50:23.181265,car,0.58
2026-08-13 17:50:23.181265,car,0.58
2026-08-13 17:50:23.181265,car,0.5
2026-08-13 17:50:23.181265,car,0.49
2026-08-13 17:50:23.181265,bus,0.47
2026-08-13 17:50:23.181265,car,0.43
2026-08-13 17:50:23.181265,car,0.37
2026-08-13 17:50:23.181265,car,0.33
2026-08-13 17:50:23.181265,person,0.32
2026-08-13 17:50:23.181265,bus,0.31
2026-08-13 17:50:23.181265,truck,0.3
2026-08-13 17:50:23.181265,car,0.29
2026-08-13 17:50:23.181265,car,0.29
2026-08-13 17:50:23.181265,motorcycle,0.29
2026-08-13 17:50:23.181265,motorcycle,0.26
2026-08-13 17:50:23.294944,bus,0.86
2026-08-13 17:50:23.294944,car,0.83
2026-08-13 17:50:23.294944,car,0.79
2026-08-13 17:50:23.294944,car,0.77
2026-08-13 17:50:23.294944,car,0.76
2026-08-13 17:50:23.294944,car,0.61
2026-08-13 17:50:23.294944,car,0.55
2026-08-13 17:50:23.294944,car,0.54
2026-08-13 17:50:23.294944,car,0.49
2026-08-13 17:50:23.294944,car,0.46
2026-08-13 17:50:23.294944,bus,0.39
2026-08-13 17:50:23.294944,truck,0.34
2026-08-13 17:50:23.294944,truck,0.33
2026-08-13 17:50:23.294944,car,0.32
2026-08-13 17:50:23.294944,car,0.32
2026-08-13 17:50:23.294944,car,0.31
2026-08-13 17:50:23.298560,bus,0.28
2026-08-13 17:50:23.298560,person,0.26
2026-08-13 17:50:23.413336,bus,0.86
2026-08-13 17:50:23.413336,car,0.86
2026-08-13 17:50:23.413336,car,0.81
2026-08-13 17:50:23.413336,car,0.78
2026-08-13 17:50:23.413336,car,0.76
2026-08-13 17:50:23.413336,car,0.64
2026-08-13 17:50:23.413336,car,0.59
2026-08-13 17:50:23.413336,car,0.57
2026-08-13 17:50:23.413336,car,0.55
2026-08-13 17:50:23.413336,car,0.55
2026-08-13 17:50:23.413336,person,0.38
2026-08-13 17:50:23.413336,car,0.37
2026-08-13 17:50:23.413336,motorcycle,0.36
2026-08-13 17:50:23.413336,car,0.34
2026-08-13 17:50:23.413336,person,0.34
2026-08-13 17:50:23.413336,car,0.34
2026-08-13 17:50:23.413336,bus,0.33
2026-08-13 17:50:23.413336,person,0.31
2026-08-13 17:50:23.413336,car,0.28
2026-08-13 17:50:23.413336,person,0.26
2026-08-13 17:50:23.413336,bus,0.25
2026-08-13 17:50:23.530780,car,0.85
2026-08-13 17:50:23.530780,bus,0.85
2026-08-13 17:50:23.530780,car,0.84
2026-08-13 17:50:23.530780,car,0.75
2026-08-13 17:50:23.530780,car,0.73
2026-08-13 17:50:23.530780,car,0.64
2026-08-13 17:50:23.530780,car,0.61
2026-08-13 17:50:23.530780,car,0.59
2026-08-13 17:50:23.530780,car,0.54
2026-08-13 17:50:23.530780,car,0.52
2026-08-13 17:50:23.530780,motorcycle,0.45
2026-08-13 17:50:23.530780,person,0.4
2026-08-13 17:50:23.530780,car,0.35
2026-08-13 17:50:23.530780,truck,0.32
2026-08-13 17:50:23.530780,car,0.3
2026-08-13 17:50:23.530780,bus,0.3
2026-08-13 17:50:23.532786,car,0.29
2026-08-13 17:50:23.532786,car,0.26
2026-08-13 17:50:23.642913,car,0.87
2026-08-13 17:50:23.642913,bus,0.85
2026-08-13 17:50:23.642913,car,0.8
2026-08-13 17:50:23.642913,car,0.77
2026-08-13 17:50:23.642913,car,0.72
2026-08-13 17:50:23.642913,car,0.63
2026-08-13 17:50:23.642913,car,0.57
2026-08-13 17:50:23.642913,car,0.54
2026-08-13 17:50:23.642913,car,0.52
2026-08-13 17:50:23.642913,car,0.51
2026-08-13 17:50:23.642913,motorcycle,0.46
2026-08-13 17:50:23.642913,car,0.35
2026-08-13 17:50:23.642913,person,0.31
2026-08-13 17:50:23.642913,car,0.29
2026-08-13 17:50:23.642913,bus,0.29
2026-08-13 17:50:23.642913,person,0.28
2026-08-13 17:50:23.642913,car,0.25
2026-08-13 17:50:23.642913,car,0.25
2026-08-13 17:50:23.768812,car,0.84
2026-08-13 17:50:23.768812,bus,0.83
2026-08-13 17:50:23.768812,car,0.8
2026-08-13 17:50:23.768812,car,0.77
2026-08-13 17:50:23.768812,car,0.77
2026-08-13 17:50:23.770870,car,0.73
2026-08-13 17:50:23.770870,car,0.55
2026-08-13 17:50:23.770870,car,0.49
2026-08-13 17:50:23.770870,car,0.49
2026-08-13 17:50:23.770870,car,0.48
2026-08-13 17:50:23.770870,car,0.47
2026-08-13 17:50:23.770870,motorcycle,0.45
2026-08-13 17:50:23.770870,truck,0.35
2026-08-13 17:50:23.770870,car,0.32
2026-08-13 17:50:23.770870,car,0.32
2026-08-13 17:50:23.770870,car,0.29
2026-08-13 17:50:23.883619,car,0.86
2026-08-13 17:50:23.883619,car,0.84
2026-08-13 17:50:23.883619,bus,0.78
2026-08-13 17:50:23.884635,car,0.77
2026-08-13 17:50:23.884635,car,0.74
2026-08-13 17:50:23.884635,car,0.72
2026-08-13 17:50:23.884635,car,0.58
2026-08-13 17:50:23.884635,car,0.56
2026-08-13 17:50:23.884635,car,0.48
2026-08-13 17:50:23.884635,motorcycle,0.46
2026-08-13 17:50:23.885672,car,0.44
2026-08-13 17:50:23.885672,car,0.42
2026-08-13 17:50:23.885672,car,0.29
2026-08-13 17:50:23.885672,bus,0.29
2026-08-13 17:50:23.885672,car,0.28
2026-08-13 17:50:23.885672,car,0.28
2026-08-13 17:50:23.885672,person,0.27
2026-08-13 17:50:23.995715,car,0.86
2026-08-13 17:50:23.995715,car,0.83
2026-08-13 17:50:23.995715,car,0.8
2026-08-13 17:50:23.995715,car,0.73
2026-08-13 17:50:23.995715,bus,0.7
2026-08-13 17:50:23.995715,car,0.7
2026-08-13 17:50:23.995715,car,0.53
2026-08-13 17:50:23.995715,car,0.42
2026-08-13 17:50:23.995715,truck,0.41
2026-08-13 17:50:23.998741,car,0.41
2026-08-13 17:50:23.998741,car,0.4
2026-08-13 17:50:23.998741,motorcycle,0.4
2026-08-13 17:50:23.998741,car,0.39
2026-08-13 17:50:23.998741,person,0.38
2026-08-13 17:50:23.998741,truck,0.37
2026-08-13 17:50:23.998741,person,0.37
2026-08-13 17:50:23.998741,car,0.32
2026-08-13 17:50:23.998741,car,0.31
2026-08-13 17:50:23.998741,car,0.31
2026-08-13 17:50:23.998741,car,0.27
2026-08-13 17:50:23.998741,person,0.27
2026-08-13 17:50:24.115868,car,0.86
2026-08-13 17:50:24.115868,car,0.83
2026-08-13 17:50:24.116988,car,0.73
2026-08-13 17:50:24.116988,car,0.72
2026-08-13 17:50:24.116988,bus,0.72
2026-08-13 17:50:24.116988,car,0.68
2026-08-13 17:50:24.116988,car,0.64
2026-08-13 17:50:24.116988,person,0.47
2026-08-13 17:50:24.116988,car,0.45
2026-08-13 17:50:24.116988,car,0.43
2026-08-13 17:50:24.116988,car,0.42
2026-08-13 17:50:24.116988,car,0.41
2026-08-13 17:50:24.118495,motorcycle,0.4
2026-08-13 17:50:24.118495,car,0.4
2026-08-13 17:50:24.118495,person,0.36
2026-08-13 17:50:24.118495,truck,0.36
2026-08-13 17:50:24.118495,car,0.33
2026-08-13 17:50:24.118495,person,0.32
2026-08-13 17:50:24.118495,car,0.32
